c,h,l,n,o,t,v,vw,symbol,es_id
100731.5435,100937.45,100640.431,6,100803.325,2025-01-07T12:00:00Z,0.056449907,100798.943307,BTC/USD,BTC/USD_2025-01-07T12:00:00Z
100644.9,100978.11,100622.8,4,100783.1925,2025-01-07T13:00:00Z,0.008310593,100851.283869,BTC/USD,BTC/USD_2025-01-07T13:00:00Z
100009.485,100895.363,99751.861042183,22,100713.68,2025-01-07T14:00:00Z,0.648323022,100239.614313,BTC/USD,BTC/USD_2025-01-07T14:00:00Z
97890.0935,100099.7,97098.0745,42,99953.15,2025-01-07T15:00:00Z,0.740680446,97895.337125,BTC/USD,BTC/USD_2025-01-07T15:00:00Z
97714.0025,98350.305,97515.6175,17,97829.9825,2025-01-07T16:00:00Z,0.137299865,98010.749464,BTC/USD,BTC/USD_2025-01-07T16:00:00Z
97277.7415,97754.1175,96558.495,30,97737.6475,2025-01-07T17:00:00Z,0.38498752,97167.2518,BTC/USD,BTC/USD_2025-01-07T17:00:00Z
96686.122,97451.77,96590.486,16,97242.0,2025-01-07T18:00:00Z,0.280281124,97095.906885,BTC/USD,BTC/USD_2025-01-07T18:00:00Z
96399.285,97134.56,96324.555,14,96751.345,2025-01-07T19:00:00Z,0.032886684,96716.282201,BTC/USD,BTC/USD_2025-01-07T19:00:00Z
96517.138,96780.444,96113.238,123,96347.8345,2025-01-07T20:00:00Z,0.266202373,96434.594274,BTC/USD,BTC/USD_2025-01-07T20:00:00Z
96521.973,97039.325,96382.278,15,96465.3,2025-01-07T21:00:00Z,0.076985514,96697.49428,BTC/USD,BTC/USD_2025-01-07T21:00:00Z
97122.4925,97233.3,96413.27,8,96473.1605,2025-01-07T22:00:00Z,0.026593529,97110.541762,BTC/USD,BTC/USD_2025-01-07T22:00:00Z
96945.375,97167.112,96810.58,0,97064.0645,2025-01-07T23:00:00Z,0.0,96989.09975,BTC/USD,BTC/USD_2025-01-07T23:00:00Z
97232.509,97232.509,96717.455,28,96876.75,2025-01-08T00:00:00Z,0.037597868,97007.969462,BTC/USD,BTC/USD_2025-01-08T00:00:00Z
96852.175,97188.65,96614.395,4,97188.65,2025-01-08T01:00:00Z,0.006250641,96932.924344,BTC/USD,BTC/USD_2025-01-08T01:00:00Z
96885.38,97162.2,96771.82,3,96838.2585,2025-01-08T02:00:00Z,0.01001913,97085.055906,BTC/USD,BTC/USD_2025-01-08T02:00:00Z
96531.655,96820.0,96233.595,3,96804.619,2025-01-08T03:00:00Z,0.005457049,96518.956076,BTC/USD,BTC/USD_2025-01-08T03:00:00Z
96291.7865,96579.467,96137.076,0,96461.514,2025-01-08T04:00:00Z,0.0,96461.514,BTC/USD,BTC/USD_2025-01-08T04:00:00Z
96480.02,96656.78,96141.925,2,96354.45,2025-01-08T05:00:00Z,0.003105418,96410.305974,BTC/USD,BTC/USD_2025-01-08T05:00:00Z
95302.613900744,96669.5,95302.613900744,15,96547.409,2025-01-08T06:00:00Z,0.01772111,95975.051678,BTC/USD,BTC/USD_2025-01-08T06:00:00Z
95639.789,95774.05,95269.23,15,95344.479900744,2025-01-08T07:00:00Z,0.068947274,95486.731519,BTC/USD,BTC/USD_2025-01-08T07:00:00Z
95925.9155,96070.6,95521.123,5,95605.1845,2025-01-08T08:00:00Z,0.083446245,95650.23884,BTC/USD,BTC/USD_2025-01-08T08:00:00Z
95449.65,96046.842,95449.65,3,95965.0895,2025-01-08T09:00:00Z,0.042821078,95831.755919,BTC/USD,BTC/USD_2025-01-08T09:00:00Z
95973.824,96006.471,95444.128,7,95523.585,2025-01-08T10:00:00Z,0.017619145,95782.385922,BTC/USD,BTC/USD_2025-01-08T10:00:00Z
95124.9545,95991.68,94544.6805,14,95916.3,2025-01-08T11:00:00Z,0.207321799,95002.484978,BTC/USD,BTC/USD_2025-01-08T11:00:00Z
94851.447,95333.2,94801.81,11,95063.7445,2025-01-08T12:00:00Z,0.236317531,94963.194511,BTC/USD,BTC/USD_2025-01-08T12:00:00Z
95385.135,95628.146,94887.0105,7,94887.0105,2025-01-08T13:00:00Z,0.011897502,95398.957451,BTC/USD,BTC/USD_2025-01-08T13:00:00Z
95307.493,95827.71,94907.995,6,95460.425,2025-01-08T14:00:00Z,0.020024432,95213.463491,BTC/USD,BTC/USD_2025-01-08T14:00:00Z
95455.041,96059.599,94622.315136476,13,95281.4,2025-01-08T15:00:00Z,0.090821958,94802.761935,BTC/USD,BTC/USD_2025-01-08T15:00:00Z
94777.0395,95395.513,94607.885136476,11,95395.513,2025-01-08T16:00:00Z,1.071274264,95093.04364,BTC/USD,BTC/USD_2025-01-08T16:00:00Z
94017.238,94843.8,92551.15,49,94833.609,2025-01-08T17:00:00Z,0.80926783,93224.727461,BTC/USD,BTC/USD_2025-01-08T17:00:00Z
94258.882,95064.172,93770.8,14,94074.785,2025-01-08T18:00:00Z,0.03525725,94328.034324,BTC/USD,BTC/USD_2025-01-08T18:00:00Z
94216.4,94827.964,94058.956,8,94328.331,2025-01-08T19:00:00Z,0.007084298,94417.535462,BTC/USD,BTC/USD_2025-01-08T19:00:00Z
93976.6035,94384.32,93760.045,76,94248.79,2025-01-08T20:00:00Z,0.075979247,94206.604002,BTC/USD,BTC/USD_2025-01-08T20:00:00Z
94501.44,94567.03,93596.106327543,6,94031.667,2025-01-08T21:00:00Z,0.007894322,94188.696594,BTC/USD,BTC/USD_2025-01-08T21:00:00Z
95283.1415,95283.1415,94501.44,4,94560.8,2025-01-08T22:00:00Z,0.110660435,95086.777585,BTC/USD,BTC/USD_2025-01-08T22:00:00Z
95063.995,95238.8595,94892.01,2,95238.8595,2025-01-08T23:00:00Z,0.001683288,94958.366143,BTC/USD,BTC/USD_2025-01-08T23:00:00Z
95140.147,95140.147,94785.532,1,95029.6355,2025-01-09T00:00:00Z,0.0002,95016.58,BTC/USD,BTC/USD_2025-01-09T00:00:00Z
94955.135,95323.562,94955.135,1,95175.65,2025-01-09T01:00:00Z,0.000103041,95145.092,BTC/USD,BTC/USD_2025-01-09T01:00:00Z
94781.6,95007.7325,93443.134,3,95007.7325,2025-01-09T02:00:00Z,0.027517993,93576.612402,BTC/USD,BTC/USD_2025-01-09T02:00:00Z
93999.645,94737.453,93999.645,2,94737.453,2025-01-09T03:00:00Z,0.004599301,94191.513618,BTC/USD,BTC/USD_2025-01-09T03:00:00Z
94382.21,94460.645,93804.21,8,93938.09,2025-01-09T04:00:00Z,0.026123888,94199.557251,BTC/USD,BTC/USD_2025-01-09T04:00:00Z
94440.4,94555.9,94257.82,2,94358.25,2025-01-09T05:00:00Z,0.004102906,94428.212941,BTC/USD,BTC/USD_2025-01-09T05:00:00Z
94074.6,94537.905,94020.1245,2,94492.1555,2025-01-09T06:00:00Z,0.058074477,94392.220217,BTC/USD,BTC/USD_2025-01-09T06:00:00Z
93218.3335,94278.855,93181.26,4,94022.9435,2025-01-09T07:00:00Z,0.02755048,93905.133705,BTC/USD,BTC/USD_2025-01-09T07:00:00Z
92940.415,93389.6,92782.805,8,93266.58,2025-01-09T08:00:00Z,0.033648608,93218.092027,BTC/USD,BTC/USD_2025-01-09T08:00:00Z
93502.4625,93685.932,92997.371,6,93001.035,2025-01-09T09:00:00Z,0.017631973,93444.892786,BTC/USD,BTC/USD_2025-01-09T09:00:00Z
93391.8,93652.4,93022.2,3,93486.124,2025-01-09T10:00:00Z,0.006694605,93644.663826,BTC/USD,BTC/USD_2025-01-09T10:00:00Z
93433.764,93815.349,93235.5,5,93346.6705,2025-01-09T11:00:00Z,0.169175014,93533.428856,BTC/USD,BTC/USD_2025-01-09T11:00:00Z
93371.6,93680.55,93138.55,7,93365.023,2025-01-09T12:00:00Z,1.194322427,93407.986767,BTC/USD,BTC/USD_2025-01-09T12:00:00Z
91966.14,93432.6455,91907.2365,22,93411.73,2025-01-09T13:00:00Z,0.142865521,92447.253888,BTC/USD,BTC/USD_2025-01-09T13:00:00Z
92826.3985,92826.3985,91838.8771960295,25,91903.8315,2025-01-09T14:00:00Z,0.09271363,92346.058077,BTC/USD,BTC/USD_2025-01-09T14:00:00Z
94227.55,94552.55,92675.793,18,92877.74,2025-01-09T15:00:00Z,0.192847392,93504.019731,BTC/USD,BTC/USD_2025-01-09T15:00:00Z
94241.2295,94571.25,93885.4595,10,94158.694,2025-01-09T16:00:00Z,0.057551751,94304.904929,BTC/USD,BTC/USD_2025-01-09T16:00:00Z
92681.9065,94298.8975,92367.726153846,5,94298.8975,2025-01-09T17:00:00Z,1.283322438,93541.507537,BTC/USD,BTC/USD_2025-01-09T17:00:00Z
93067.955,93235.8335,92420.55,10,92623.915,2025-01-09T18:00:00Z,0.026665031,92765.689074,BTC/USD,BTC/USD_2025-01-09T18:00:00Z
91913.415,93341.93,91897.305,11,93020.7415,2025-01-09T19:00:00Z,0.036892472,92668.411791,BTC/USD,BTC/USD_2025-01-09T19:00:00Z
91876.942,92329.147,91260.4,120,91946.48,2025-01-09T20:00:00Z,0.471661038,91853.370672,BTC/USD,BTC/USD_2025-01-09T20:00:00Z
92087.1835,92469.9295,91788.75,9,91922.8565,2025-01-09T21:00:00Z,0.010178048,92190.998663,BTC/USD,BTC/USD_2025-01-09T21:00:00Z
92508.465,92685.083,91676.45,4,92151.137,2025-01-09T22:00:00Z,0.006408247,92496.16082,BTC/USD,BTC/USD_2025-01-09T22:00:00Z
92571.634,92677.398,92059.017,4,92443.69,2025-01-09T23:00:00Z,7.751e-05,92468.494784,BTC/USD,BTC/USD_2025-01-09T23:00:00Z
92783.0775,92850.3165,92465.718,3,92629.64,2025-01-10T00:00:00Z,0.002656375,92644.572698,BTC/USD,BTC/USD_2025-01-10T00:00:00Z
93100.6125,93159.285,92610.063,5,92814.49,2025-01-10T01:00:00Z,0.013573326,93027.855556,BTC/USD,BTC/USD_2025-01-10T01:00:00Z
93416.4,93709.804,93054.7,6,93176.245,2025-01-10T02:00:00Z,0.012273164,93342.523508,BTC/USD,BTC/USD_2025-01-10T02:00:00Z
93696.5715,93699.54,93325.206,1,93383.8,2025-01-10T03:00:00Z,5e-05,93594.46,BTC/USD,BTC/USD_2025-01-10T03:00:00Z
93800.859,93905.66,93516.945,5,93742.0555,2025-01-10T04:00:00Z,0.005494214,93740.90608,BTC/USD,BTC/USD_2025-01-10T04:00:00Z
93933.15,94248.084,93679.8025,2,93860.1,2025-01-10T05:00:00Z,0.000351528,94031.192574,BTC/USD,BTC/USD_2025-01-10T05:00:00Z
94229.989,94267.7275,93776.6005,3,93988.275,2025-01-10T06:00:00Z,0.16362015,94122.075017,BTC/USD,BTC/USD_2025-01-10T06:00:00Z
94476.25,94984.524,94100.5,11,94190.238,2025-01-10T07:00:00Z,0.036717272,94452.690475,BTC/USD,BTC/USD_2025-01-10T07:00:00Z
94673.363,94751.9,94436.5365,3,94534.64,2025-01-10T08:00:00Z,0.013014272,94576.999936,BTC/USD,BTC/USD_2025-01-10T08:00:00Z
94848.1775,95069.01,94566.1325,4,94647.8075,2025-01-10T09:00:00Z,0.009895058,94981.50928,BTC/USD,BTC/USD_2025-01-10T09:00:00Z
95269.738,95269.738,94788.2215,2,94878.685,2025-01-10T10:00:00Z,0.073365545,95059.328266,BTC/USD,BTC/USD_2025-01-10T10:00:00Z
95098.2895,95247.6,94644.485,2,95205.02,2025-01-10T11:00:00Z,0.020983069,95013.191854,BTC/USD,BTC/USD_2025-01-10T11:00:00Z
95047.625,95143.685,94769.9,1,95054.021,2025-01-10T12:00:00Z,4.9875e-05,94799.34,BTC/USD,BTC/USD_2025-01-10T12:00:00Z
93592.77,95023.42,92787.2975,8,94984.9555,2025-01-10T13:00:00Z,0.048974084,94523.282042,BTC/USD,BTC/USD_2025-01-10T13:00:00Z
94136.148,94641.802,93442.85,4,93532.77,2025-01-10T14:00:00Z,0.000540381,93914.647301,BTC/USD,BTC/USD_2025-01-10T14:00:00Z
93698.1965,94521.192,92285.4,18,94063.65,2025-01-10T15:00:00Z,0.129983055,94051.395028,BTC/USD,BTC/USD_2025-01-10T15:00:00Z
93637.82,94038.318,93165.9,15,93747.125,2025-01-10T16:00:00Z,0.010837195,93680.691541,BTC/USD,BTC/USD_2025-01-10T16:00:00Z
95775.4835,95808.025,93310.775,16,93690.9765,2025-01-10T17:00:00Z,0.074017856,94351.08663,BTC/USD,BTC/USD_2025-01-10T17:00:00Z
94867.35,95724.65,94638.895,9,95724.65,2025-01-10T18:00:00Z,0.024062078,94870.172481,BTC/USD,BTC/USD_2025-01-10T18:00:00Z
95310.17,95399.2705,94430.981,8,94907.035,2025-01-10T19:00:00Z,0.047456894,95033.881446,BTC/USD,BTC/USD_2025-01-10T19:00:00Z
94684.7935,95459.998,94616.585,98,95381.42,2025-01-10T20:00:00Z,0.158971639,94990.741674,BTC/USD,BTC/USD_2025-01-10T20:00:00Z
94634.758,94915.0,94634.758,6,94637.545,2025-01-10T21:00:00Z,0.000482842,94836.101009,BTC/USD,BTC/USD_2025-01-10T21:00:00Z
94739.253,94940.435,94600.485,3,94669.69,2025-01-10T22:00:00Z,0.001318089,94719.426653,BTC/USD,BTC/USD_2025-01-10T22:00:00Z
94710.4275,94891.728,94658.18,7,94731.263,2025-01-10T23:00:00Z,0.002219703,94869.916683,BTC/USD,BTC/USD_2025-01-10T23:00:00Z
94577.2895,94740.788,94363.694,7,94668.095,2025-01-11T00:00:00Z,0.011007826,94673.76385,BTC/USD,BTC/USD_2025-01-11T00:00:00Z
94432.698,94692.0145,94242.578,1,94627.625,2025-01-11T01:00:00Z,0.00037877,94588.05,BTC/USD,BTC/USD_2025-01-11T01:00:00Z
94445.629,94475.2,94216.65,8,94475.2,2025-01-11T02:00:00Z,0.048915865,94282.055981,BTC/USD,BTC/USD_2025-01-11T02:00:00Z
94167.328,94394.0125,94134.91,3,94394.0125,2025-01-11T03:00:00Z,0.000480078,94231.88557,BTC/USD,BTC/USD_2025-01-11T03:00:00Z
94033.365,94320.5005,93875.2645,0,94197.1,2025-01-11T04:00:00Z,0.0,94197.1,BTC/USD,BTC/USD_2025-01-11T04:00:00Z
94351.075,94353.95,94039.13,0,94064.7335,2025-01-11T05:00:00Z,0.0,94064.7335,BTC/USD,BTC/USD_2025-01-11T05:00:00Z
94238.17,94425.6845,94238.17,1,94382.273,2025-01-11T06:00:00Z,0.016509033,94399.3,BTC/USD,BTC/USD_2025-01-11T06:00:00Z
94233.551,94315.5385,94133.06,4,94236.6,2025-01-11T07:00:00Z,0.020229249,94218.505783,BTC/USD,BTC/USD_2025-01-11T07:00:00Z
94083.16,94422.52,94028.4955,3,94260.305,2025-01-11T08:00:00Z,0.144860749,94287.454797,BTC/USD,BTC/USD_2025-01-11T08:00:00Z
94289.35,94295.1,94021.688,3,94021.688,2025-01-11T09:00:00Z,0.001362364,94237.467887,BTC/USD,BTC/USD_2025-01-11T09:00:00Z
94459.06,94485.9515,94275.85,5,94335.275,2025-01-11T10:00:00Z,0.037446154,94374.927748,BTC/USD,BTC/USD_2025-01-11T10:00:00Z
94574.93,94749.2415,94436.1855,1,94436.1855,2025-01-11T11:00:00Z,0.00084577,94556.52,BTC/USD,BTC/USD_2025-01-11T11:00:00Z
94517.776,94588.5995,94491.525,1,94544.5,2025-01-11T12:00:00Z,0.001028863,94574.175,BTC/USD,BTC/USD_2025-01-11T12:00:00Z
94427.3865,94576.5075,94333.4435,1,94576.256,2025-01-11T13:00:00Z,0.000309131,94429.6,BTC/USD,BTC/USD_2025-01-11T13:00:00Z
94593.9175,94594.185,94313.1925,1,94373.705,2025-01-11T14:00:00Z,0.0004,94529.412,BTC/USD,BTC/USD_2025-01-11T14:00:00Z
94398.95,94613.0505,94339.933,3,94562.45,2025-01-11T15:00:00Z,0.012452586,94577.69751,BTC/USD,BTC/USD_2025-01-11T15:00:00Z
94411.6405,94699.375,94278.16,23,94473.5,2025-01-11T16:00:00Z,0.171067049,94472.149486,BTC/USD,BTC/USD_2025-01-11T16:00:00Z
94083.4985,94394.195,93956.145,4,94394.195,2025-01-11T17:00:00Z,0.001274,94343.225584,BTC/USD,BTC/USD_2025-01-11T17:00:00Z
94248.2725,94260.433,94057.5,5,94143.525,2025-01-11T18:00:00Z,0.000206,94153.854327,BTC/USD,BTC/USD_2025-01-11T18:00:00Z
94180.73,94269.31,94029.9635,4,94207.57,2025-01-11T19:00:00Z,0.01145708,94047.165078,BTC/USD,BTC/USD_2025-01-11T19:00:00Z
94559.63,94669.559,94141.4545,90,94246.8,2025-01-11T20:00:00Z,0.037587926,94476.214541,BTC/USD,BTC/USD_2025-01-11T20:00:00Z
94892.195,95003.96,94567.322,7,94614.036,2025-01-11T21:00:00Z,0.005801341,94856.043398,BTC/USD,BTC/USD_2025-01-11T21:00:00Z
94589.25,94945.2365,94541.727,8,94945.2365,2025-01-11T22:00:00Z,0.056185806,94935.284321,BTC/USD,BTC/USD_2025-01-11T22:00:00Z
94531.1745,94801.63,94502.0,7,94635.21,2025-01-11T23:00:00Z,0.000552009,94590.847359,BTC/USD,BTC/USD_2025-01-11T23:00:00Z
94386.64,94680.593,94386.64,2,94588.019,2025-01-12T00:00:00Z,0.0102,94583.422333,BTC/USD,BTC/USD_2025-01-12T00:00:00Z
94566.445,94566.445,94276.6385,2,94371.5395,2025-01-12T01:00:00Z,0.015155692,94383.644183,BTC/USD,BTC/USD_2025-01-12T01:00:00Z
94613.745,94621.715,94441.251,0,94511.8855,2025-01-12T02:00:00Z,0.0,94511.8855,BTC/USD,BTC/USD_2025-01-12T02:00:00Z
94559.75,94657.485,94367.767,1,94657.485,2025-01-12T03:00:00Z,0.060149443,94367.767,BTC/USD,BTC/USD_2025-01-12T03:00:00Z
94516.44,94659.4,94497.58,3,94560.9245,2025-01-12T04:00:00Z,0.000892649,94637.121579,BTC/USD,BTC/USD_2025-01-12T04:00:00Z
94497.8,94599.5795,94497.8,0,94579.717,2025-01-12T05:00:00Z,0.0,94579.717,BTC/USD,BTC/USD_2025-01-12T05:00:00Z
94330.725,94555.01,94330.725,1,94555.01,2025-01-12T06:00:00Z,0.0002,94450.0,BTC/USD,BTC/USD_2025-01-12T06:00:00Z
94302.402,94427.8,94249.0255,4,94408.0715,2025-01-12T07:00:00Z,0.032418011,94414.093422,BTC/USD,BTC/USD_2025-01-12T07:00:00Z
94100.67,94391.817,94098.88,3,94298.2825,2025-01-12T08:00:00Z,0.11312886,94277.807364,BTC/USD,BTC/USD_2025-01-12T08:00:00Z
93867.683,94198.376,93697.85,5,94157.785,2025-01-12T09:00:00Z,0.002058466,94016.620999,BTC/USD,BTC/USD_2025-01-12T09:00:00Z
93987.88,94073.91,93809.43,4,93827.8535,2025-01-12T10:00:00Z,0.003429535,93839.901049,BTC/USD,BTC/USD_2025-01-12T10:00:00Z
94203.535,94381.593,93923.9,10,94057.73,2025-01-12T11:00:00Z,0.008757989,94295.916951,BTC/USD,BTC/USD_2025-01-12T11:00:00Z
94287.1865,94546.382,94094.3,3,94181.7585,2025-01-12T12:00:00Z,0.00064235,94280.295201,BTC/USD,BTC/USD_2025-01-12T12:00:00Z
94634.3475,94728.018,94289.64,6,94310.1825,2025-01-12T13:00:00Z,0.00022678,94676.552703,BTC/USD,BTC/USD_2025-01-12T13:00:00Z
94725.6695,94943.82,94689.805,9,94689.805,2025-01-12T14:00:00Z,0.0004475,94762.658769,BTC/USD,BTC/USD_2025-01-12T14:00:00Z
95006.435,95384.25,94611.789,7,94737.75,2025-01-12T15:00:00Z,0.00265821,95001.851696,BTC/USD,BTC/USD_2025-01-12T15:00:00Z
94970.853,95096.84,94767.569,16,95022.65,2025-01-12T16:00:00Z,0.051836667,94946.533217,BTC/USD,BTC/USD_2025-01-12T16:00:00Z
95105.85,95210.59,94959.312,14,95032.6595,2025-01-12T17:00:00Z,0.010867448,95052.507775,BTC/USD,BTC/USD_2025-01-12T17:00:00Z
94966.8285,95276.33,94871.22,13,95138.95,2025-01-12T18:00:00Z,0.001769776,95167.238918,BTC/USD,BTC/USD_2025-01-12T18:00:00Z
94612.0555,95031.02,94538.64,10,94994.87,2025-01-12T19:00:00Z,0.0212618,94756.710541,BTC/USD,BTC/USD_2025-01-12T19:00:00Z
94628.6545,94762.361,94538.1,57,94674.711,2025-01-12T20:00:00Z,0.083976064,94642.030777,BTC/USD,BTC/USD_2025-01-12T20:00:00Z
94316.974,94707.25,94316.974,3,94674.85,2025-01-12T21:00:00Z,0.057681527,94394.490029,BTC/USD,BTC/USD_2025-01-12T21:00:00Z
93909.45,94369.84,93775.994,9,94369.84,2025-01-12T22:00:00Z,0.003228029,93929.158456,BTC/USD,BTC/USD_2025-01-12T22:00:00Z
94512.89,94520.3865,93975.575,5,93975.575,2025-01-12T23:00:00Z,0.000669512,94144.453606,BTC/USD,BTC/USD_2025-01-12T23:00:00Z
95295.13,95830.9,94392.322,5,94558.75,2025-01-13T00:00:00Z,0.01058125,94912.351362,BTC/USD,BTC/USD_2025-01-13T00:00:00Z
94217.85,95353.644,94099.611,4,95353.644,2025-01-13T01:00:00Z,0.002809822,94541.137721,BTC/USD,BTC/USD_2025-01-13T01:00:00Z
94144.011,94451.0015,93896.485,3,94163.537,2025-01-13T02:00:00Z,0.227463046,94003.137912,BTC/USD,BTC/USD_2025-01-13T02:00:00Z
94225.7,94367.4505,93963.422,2,94091.7,2025-01-13T03:00:00Z,0.000667826,94107.39271,BTC/USD,BTC/USD_2025-01-13T03:00:00Z
94467.23,94942.51,94195.9785,34,94195.9785,2025-01-13T04:00:00Z,4.016317371,94745.962747,BTC/USD,BTC/USD_2025-01-13T04:00:00Z
94153.0455,94445.2225,94028.51,5,94445.2225,2025-01-13T05:00:00Z,0.008490248,94188.235497,BTC/USD,BTC/USD_2025-01-13T05:00:00Z
93590.758,94294.245,93277.2,6,94066.35,2025-01-13T06:00:00Z,0.333862098,93835.098843,BTC/USD,BTC/USD_2025-01-13T06:00:00Z
93512.635,93865.735,93458.981,2,93647.2555,2025-01-13T07:00:00Z,0.020596673,93709.269464,BTC/USD,BTC/USD_2025-01-13T07:00:00Z
93023.52,93584.9465,92867.8686116625,12,93568.36,2025-01-13T08:00:00Z,0.055300622,93092.914375,BTC/USD,BTC/USD_2025-01-13T08:00:00Z
92841.189,93114.778,92611.036,7,92965.45,2025-01-13T09:00:00Z,0.013327735,92875.978121,BTC/USD,BTC/USD_2025-01-13T09:00:00Z
91579.8,92810.3785,91391.705,28,92810.3785,2025-01-13T10:00:00Z,0.783305101,92051.091791,BTC/USD,BTC/USD_2025-01-13T10:00:00Z
90812.52,92407.0,90777.16,40,91623.8,2025-01-13T11:00:00Z,0.223900354,91165.051488,BTC/USD,BTC/USD_2025-01-13T11:00:00Z
90679.31,91203.4545,90270.9335,31,90781.8455,2025-01-13T12:00:00Z,0.171331443,90609.452171,BTC/USD,BTC/USD_2025-01-13T12:00:00Z
91094.86,91748.7,90524.4595,13,90628.1,2025-01-13T13:00:00Z,0.033488674,91040.66383,BTC/USD,BTC/USD_2025-01-13T13:00:00Z
91794.15,92225.978,89369.5474069475,37,91040.834,2025-01-13T14:00:00Z,0.186632507,90730.704397,BTC/USD,BTC/USD_2025-01-13T14:00:00Z
92162.75,93048.7,91542.51,18,91847.7,2025-01-13T15:00:00Z,0.586330199,92238.478021,BTC/USD,BTC/USD_2025-01-13T15:00:00Z
91318.59,92245.529,91239.63,14,92222.57,2025-01-13T16:00:00Z,0.06655828,91938.543487,BTC/USD,BTC/USD_2025-01-13T16:00:00Z
91939.4925,92283.57,91241.195,10,91256.535,2025-01-13T17:00:00Z,0.093744508,91506.294138,BTC/USD,BTC/USD_2025-01-13T17:00:00Z
92040.1,92375.17,91545.977,31,92000.88,2025-01-13T18:00:00Z,0.037929941,92196.27414,BTC/USD,BTC/USD_2025-01-13T18:00:00Z
92295.7,92495.59,91598.885,26,92097.0,2025-01-13T19:00:00Z,0.119275317,92289.357064,BTC/USD,BTC/USD_2025-01-13T19:00:00Z
93534.085,93810.036,91844.31,192,92261.1125,2025-01-13T20:00:00Z,0.16185615,93335.509878,BTC/USD,BTC/USD_2025-01-13T20:00:00Z
94159.0015,94451.78,93402.5845,9,93580.784,2025-01-13T21:00:00Z,0.01789077,94115.306775,BTC/USD,BTC/USD_2025-01-13T21:00:00Z
94362.903,94672.335,94152.9755,4,94196.84,2025-01-13T22:00:00Z,0.017428576,94303.693305,BTC/USD,BTC/USD_2025-01-13T22:00:00Z
94511.24,94551.525,94150.0,2,94393.892,2025-01-13T23:00:00Z,0.005176937,94368.378369,BTC/USD,BTC/USD_2025-01-13T23:00:00Z
94415.9,94806.02,94354.3905,4,94462.815,2025-01-14T00:00:00Z,0.022051545,94483.209808,BTC/USD,BTC/USD_2025-01-14T00:00:00Z
94775.67,94994.425,94477.89,4,94477.89,2025-01-14T01:00:00Z,0.00102754,94722.788193,BTC/USD,BTC/USD_2025-01-14T01:00:00Z
94901.925,95232.496,94737.195,6,94834.047,2025-01-14T02:00:00Z,0.003826997,95075.727426,BTC/USD,BTC/USD_2025-01-14T02:00:00Z
94834.03,95023.22,94803.4835,1,94912.236,2025-01-14T03:00:00Z,0.000512609,94910.343,BTC/USD,BTC/USD_2025-01-14T03:00:00Z
95071.656,95099.9945,94750.492,9,94869.229,2025-01-14T04:00:00Z,0.00129802,94906.012797,BTC/USD,BTC/USD_2025-01-14T04:00:00Z
94861.625,95433.74,94861.625,6,95135.65,2025-01-14T05:00:00Z,0.000990353,95066.478489,BTC/USD,BTC/USD_2025-01-14T05:00:00Z
94979.102,94979.102,94715.48,5,94890.44,2025-01-14T06:00:00Z,0.57617588,94958.28173,BTC/USD,BTC/USD_2025-01-14T06:00:00Z
94826.29,95127.14,94793.59,1,95017.057,2025-01-14T07:00:00Z,0.003032227,94793.59,BTC/USD,BTC/USD_2025-01-14T07:00:00Z
95517.67,95791.43,94811.115,7,94877.9375,2025-01-14T08:00:00Z,0.019138549,95657.468947,BTC/USD,BTC/USD_2025-01-14T08:00:00Z
97115.64,97326.5335,95468.35,13,95468.35,2025-01-14T09:00:00Z,0.174150109,97008.859259,BTC/USD,BTC/USD_2025-01-14T09:00:00Z
96610.84,97188.48,96527.61,7,97188.48,2025-01-14T10:00:00Z,0.710692976,96687.903618,BTC/USD,BTC/USD_2025-01-14T10:00:00Z
96514.865,96687.235,96345.521,1,96680.211,2025-01-14T11:00:00Z,0.001730114,96515.82,BTC/USD,BTC/USD_2025-01-14T11:00:00Z
95957.882,96659.095,95954.284,5,96540.3725,2025-01-14T12:00:00Z,0.299466012,96343.262776,BTC/USD,BTC/USD_2025-01-14T12:00:00Z
96304.4455,97207.1,95726.539,2,95901.8,2025-01-14T13:00:00Z,0.01275012,96023.686595,BTC/USD,BTC/USD_2025-01-14T13:00:00Z
96254.492,97228.329,96034.833,7,96363.5,2025-01-14T14:00:00Z,0.108534636,96931.005095,BTC/USD,BTC/USD_2025-01-14T14:00:00Z
96455.44,96943.71,96214.208,1,96298.431,2025-01-14T15:00:00Z,0.00020154,96560.17,BTC/USD,BTC/USD_2025-01-14T15:00:00Z
95726.15,96397.25,95329.945,13,96397.25,2025-01-14T16:00:00Z,0.087057689,95778.619542,BTC/USD,BTC/USD_2025-01-14T16:00:00Z
96470.94,96475.68,95545.058,5,95695.246,2025-01-14T17:00:00Z,0.207692185,95751.119055,BTC/USD,BTC/USD_2025-01-14T17:00:00Z
96807.7,96932.405,96255.5,11,96530.0905,2025-01-14T18:00:00Z,0.105211441,96568.2021,BTC/USD,BTC/USD_2025-01-14T18:00:00Z
96504.86,97022.4,96477.6015,11,96800.0,2025-01-14T19:00:00Z,0.071425586,96805.878844,BTC/USD,BTC/USD_2025-01-14T19:00:00Z
96482.262,96839.96,96083.72,64,96552.3,2025-01-14T20:00:00Z,0.09731523,96575.957493,BTC/USD,BTC/USD_2025-01-14T20:00:00Z
96411.78,96652.44,96299.2585,7,96428.324,2025-01-14T21:00:00Z,0.007440845,96504.607369,BTC/USD,BTC/USD_2025-01-14T21:00:00Z
96664.565,96722.2395,96429.36,10,96457.275,2025-01-14T22:00:00Z,0.00089845,96518.993212,BTC/USD,BTC/USD_2025-01-14T22:00:00Z
96518.83,96741.825,96441.23,3,96726.53,2025-01-14T23:00:00Z,0.012785399,96716.593428,BTC/USD,BTC/USD_2025-01-14T23:00:00Z
96862.7875,97276.13,96499.65,6,96576.5,2025-01-15T00:00:00Z,0.007448271,96599.182221,BTC/USD,BTC/USD_2025-01-15T00:00:00Z
97350.845,97470.1165,96762.1,3,96824.75,2025-01-15T01:00:00Z,0.000286029,97215.185796,BTC/USD,BTC/USD_2025-01-15T01:00:00Z
96821.625,97401.8725,96674.83,11,97304.22,2025-01-15T02:00:00Z,0.003534238,97248.320593,BTC/USD,BTC/USD_2025-01-15T02:00:00Z
97296.36,97296.36,96723.9735,10,96872.22,2025-01-15T03:00:00Z,0.004813274,97226.127952,BTC/USD,BTC/USD_2025-01-15T03:00:00Z
97147.4295,97617.4175,97066.5785,5,97349.9555,2025-01-15T04:00:00Z,0.018773327,97367.337561,BTC/USD,BTC/USD_2025-01-15T04:00:00Z
96982.97,97182.76,96748.29,4,97182.76,2025-01-15T05:00:00Z,0.11042294,97021.82495,BTC/USD,BTC/USD_2025-01-15T05:00:00Z
97070.905,97160.156,96808.965,4,97023.322,2025-01-15T06:00:00Z,0.002308435,96973.356807,BTC/USD,BTC/USD_2025-01-15T06:00:00Z
97241.1015,97531.795,97095.3,4,97105.449,2025-01-15T07:00:00Z,0.061168888,97451.340232,BTC/USD,BTC/USD_2025-01-15T07:00:00Z
97175.189,97510.2,97121.4,1,97294.5755,2025-01-15T08:00:00Z,0.000153682,97121.4,BTC/USD,BTC/USD_2025-01-15T08:00:00Z
96785.62,97337.4615,96741.305,2,97212.55,2025-01-15T09:00:00Z,0.001910006,97247.890902,BTC/USD,BTC/USD_2025-01-15T09:00:00Z
96885.665,97112.93,96721.08,0,96843.974,2025-01-15T10:00:00Z,0.0,96801.005,BTC/USD,BTC/USD_2025-01-15T10:00:00Z
96719.4795,96846.01,96527.6705,1,96846.01,2025-01-15T11:00:00Z,0.020117508,96735.56,BTC/USD,BTC/USD_2025-01-15T11:00:00Z
96870.0,97127.93,96501.951,2,96677.3385,2025-01-15T12:00:00Z,0.002009725,96679.735523,BTC/USD,BTC/USD_2025-01-15T12:00:00Z
98943.2465,99047.745,96818.94,15,96926.02,2025-01-15T13:00:00Z,0.081022188,98275.275443,BTC/USD,BTC/USD_2025-01-15T13:00:00Z
99390.954,99426.79,98593.6,28,98996.705,2025-01-15T14:00:00Z,1.521937497,99192.204258,BTC/USD,BTC/USD_2025-01-15T14:00:00Z
98993.669,99725.5,98993.669,38,99431.0,2025-01-15T15:00:00Z,0.32555987,99403.852924,BTC/USD,BTC/USD_2025-01-15T15:00:00Z
99024.0,99521.37,98872.6,39,99029.96,2025-01-15T16:00:00Z,0.366270796,99214.521157,BTC/USD,BTC/USD_2025-01-15T16:00:00Z
98622.264019851,99383.29,98604.4,27,99061.6935,2025-01-15T17:00:00Z,0.832336629,98905.875473,BTC/USD,BTC/USD_2025-01-15T17:00:00Z
99472.1405,99477.0925,98686.7555,10,98686.7555,2025-01-15T18:00:00Z,1.128083947,99195.73793,BTC/USD,BTC/USD_2025-01-15T18:00:00Z
99868.241,99938.8,99362.7405,8,99410.341,2025-01-15T19:00:00Z,1.131188934,99812.868509,BTC/USD,BTC/USD_2025-01-15T19:00:00Z
99605.9095,100705.89,99509.1085,169,99941.25,2025-01-15T20:00:00Z,0.481263431,99871.756809,BTC/USD,BTC/USD_2025-01-15T20:00:00Z
99703.4215,99871.49,99485.8735,6,99653.65,2025-01-15T21:00:00Z,0.015538234,99661.869411,BTC/USD,BTC/USD_2025-01-15T21:00:00Z
99702.3925,99858.3,99514.18,49,99672.9165,2025-01-15T22:00:00Z,0.004311053,99685.682702,BTC/USD,BTC/USD_2025-01-15T22:00:00Z
100511.3465,100511.3465,99618.871,41,99773.6,2025-01-15T23:00:00Z,0.001702974,99755.090429,BTC/USD,BTC/USD_2025-01-15T23:00:00Z
99876.05,100827.758975,99636.604,22,100527.8595,2025-01-16T00:00:00Z,0.02753151,100670.441628,BTC/USD,BTC/USD_2025-01-16T00:00:00Z
100127.75,100191.28,99822.5,12,99947.121,2025-01-16T01:00:00Z,0.00566234,99842.148818,BTC/USD,BTC/USD_2025-01-16T01:00:00Z
99623.275,100175.004,99434.047,70,100087.58,2025-01-16T02:00:00Z,0.258760868,99787.361685,BTC/USD,BTC/USD_2025-01-16T02:00:00Z
99512.997,99877.84,99191.521,37,99690.4,2025-01-16T03:00:00Z,0.132781494,99597.865629,BTC/USD,BTC/USD_2025-01-16T03:00:00Z
99598.79,99706.435,99514.995,2,99568.67,2025-01-16T04:00:00Z,0.01029384,99570.608192,BTC/USD,BTC/USD_2025-01-16T04:00:00Z
99406.334,99661.036,99357.95,2,99661.036,2025-01-16T05:00:00Z,0.051017161,99419.974872,BTC/USD,BTC/USD_2025-01-16T05:00:00Z
99777.611,99888.435,99344.738,16,99344.738,2025-01-16T06:00:00Z,0.036540992,99587.814368,BTC/USD,BTC/USD_2025-01-16T06:00:00Z
99793.915,99824.508,99611.1,10,99736.091,2025-01-16T07:00:00Z,0.314504862,99803.445876,BTC/USD,BTC/USD_2025-01-16T07:00:00Z
98955.8415,99807.9135,98636.065,28,99786.3365,2025-01-16T08:00:00Z,0.150983188,98697.36958,BTC/USD,BTC/USD_2025-01-16T08:00:00Z
99151.23,99290.55,98653.69,13,98975.65,2025-01-16T09:00:00Z,0.016282672,98700.741289,BTC/USD,BTC/USD_2025-01-16T09:00:00Z
99223.2,99394.08,99137.3,3,99185.2265,2025-01-16T10:00:00Z,0.013229474,99354.234011,BTC/USD,BTC/USD_2025-01-16T10:00:00Z
99192.659,99344.281,98735.98,11,99162.2,2025-01-16T11:00:00Z,0.001503646,99000.368606,BTC/USD,BTC/USD_2025-01-16T11:00:00Z
99378.5745,99478.685,98895.2,26,99164.89,2025-01-16T12:00:00Z,0.027226122,99305.095279,BTC/USD,BTC/USD_2025-01-16T12:00:00Z
99073.2085,99462.5,98841.447,35,99318.5855,2025-01-16T13:00:00Z,0.115950466,99112.910616,BTC/USD,BTC/USD_2025-01-16T13:00:00Z
97590.755,99378.817,97529.709,55,99003.845,2025-01-16T14:00:00Z,0.089262995,98690.25545,BTC/USD,BTC/USD_2025-01-16T14:00:00Z
99235.145,99235.145,97349.5105,32,97570.49,2025-01-16T15:00:00Z,0.096411694,98003.589975,BTC/USD,BTC/USD_2025-01-16T15:00:00Z
99336.985,99808.7,99087.4115,36,99250.0,2025-01-16T16:00:00Z,0.004091262,99411.976553,BTC/USD,BTC/USD_2025-01-16T16:00:00Z
99860.1875,100327.18,99182.608,24,99274.5715,2025-01-16T17:00:00Z,0.221091299,99373.933454,BTC/USD,BTC/USD_2025-01-16T17:00:00Z
99590.74,100092.924,99249.4,38,99803.175,2025-01-16T18:00:00Z,0.22687501,99508.27884,BTC/USD,BTC/USD_2025-01-16T18:00:00Z
100360.425,100360.425,99342.4,41,99503.11,2025-01-16T19:00:00Z,0.01322709,100083.725868,BTC/USD,BTC/USD_2025-01-16T19:00:00Z
100347.629,100671.92,100255.234,170,100338.85,2025-01-16T20:00:00Z,0.295816175,100444.520942,BTC/USD,BTC/USD_2025-01-16T20:00:00Z
100147.625,100472.1,99721.2705,48,100377.7,2025-01-16T21:00:00Z,0.150994064,100234.631523,BTC/USD,BTC/USD_2025-01-16T21:00:00Z
99793.335,100218.0,99392.95,26,100087.63,2025-01-16T22:00:00Z,0.012923399,99614.629879,BTC/USD,BTC/USD_2025-01-16T22:00:00Z
99991.895,100124.25,99736.3,27,99786.6635,2025-01-16T23:00:00Z,0.004795743,99983.703989,BTC/USD,BTC/USD_2025-01-16T23:00:00Z
100085.527395,100401.335,100024.1465,12,100024.1465,2025-01-17T00:00:00Z,0.008477577,100110.903542,BTC/USD,BTC/USD_2025-01-17T00:00:00Z
101673.25,101711.85,100054.2,23,100128.712395,2025-01-17T01:00:00Z,0.055106544,101181.028528,BTC/USD,BTC/USD_2025-01-17T01:00:00Z
101085.4,102119.1315,100764.597,11,101700.23,2025-01-17T02:00:00Z,0.099010993,101861.992104,BTC/USD,BTC/USD_2025-01-17T02:00:00Z
100992.8905,101240.6827,100958.03,3,101165.4,2025-01-17T03:00:00Z,0.029890567,101111.01593,BTC/USD,BTC/USD_2025-01-17T03:00:00Z
101463.06,101463.06,100914.374,7,101056.59,2025-01-17T04:00:00Z,0.011633467,101394.305641,BTC/USD,BTC/USD_2025-01-17T04:00:00Z
101388.774115,101744.54,101388.774115,6,101434.4,2025-01-17T05:00:00Z,0.136537474,101487.52528,BTC/USD,BTC/USD_2025-01-17T05:00:00Z
101373.197,101660.89,101329.55,14,101416.579115,2025-01-17T06:00:00Z,0.0007,101450.299111,BTC/USD,BTC/USD_2025-01-17T06:00:00Z
101456.52,101840.49,101373.197,31,101443.294,2025-01-17T07:00:00Z,0.015693018,101600.049828,BTC/USD,BTC/USD_2025-01-17T07:00:00Z
102146.055,102179.06,101445.485,10,101445.485,2025-01-17T08:00:00Z,0.102809096,101943.737837,BTC/USD,BTC/USD_2025-01-17T08:00:00Z
101835.1005,102219.3175,101732.2315,7,102082.2,2025-01-17T09:00:00Z,0.120160164,101958.021926,BTC/USD,BTC/USD_2025-01-17T09:00:00Z
102303.5905,102553.9565,101767.3275,6,101883.091,2025-01-17T10:00:00Z,0.080837241,102381.236578,BTC/USD,BTC/USD_2025-01-17T10:00:00Z
102228.763,102440.04,102090.257,5,102246.7555,2025-01-17T11:00:00Z,0.004173916,102230.694139,BTC/USD,BTC/USD_2025-01-17T11:00:00Z
102761.495,102913.0,102219.0185,15,102280.8,2025-01-17T12:00:00Z,0.407536241,102781.058484,BTC/USD,BTC/USD_2025-01-17T12:00:00Z
102493.1925,102951.04023,102406.921,9,102801.81,2025-01-17T13:00:00Z,0.166074608,102621.319655,BTC/USD,BTC/USD_2025-01-17T13:00:00Z
103408.1,103408.1,102255.5,19,102424.6,2025-01-17T14:00:00Z,0.169019274,103027.24273,BTC/USD,BTC/USD_2025-01-17T14:00:00Z
104033.778,104282.115869017,103304.76,32,103425.901,2025-01-17T15:00:00Z,1.788181001,103939.097747,BTC/USD,BTC/USD_2025-01-17T15:00:00Z
105054.9345,105094.8,103888.192,41,104007.388,2025-01-17T16:00:00Z,0.36913879,104731.003765,BTC/USD,BTC/USD_2025-01-17T16:00:00Z
104178.059,105357.298,104097.583,24,105017.265,2025-01-17T17:00:00Z,0.192804884,104731.620553,BTC/USD,BTC/USD_2025-01-17T17:00:00Z
104886.51,105061.615,104100.772,27,104221.9,2025-01-17T18:00:00Z,0.336245904,104491.170842,BTC/USD,BTC/USD_2025-01-17T18:00:00Z
105882.042,105945.06,104784.823,20,104971.895,2025-01-17T19:00:00Z,0.480382805,105753.657555,BTC/USD,BTC/USD_2025-01-17T19:00:00Z
104753.15,105872.3065,104577.613,144,105842.95,2025-01-17T20:00:00Z,0.486795085,104885.818049,BTC/USD,BTC/USD_2025-01-17T20:00:00Z
104710.81242,105060.235,104564.8905,11,104686.225,2025-01-17T21:00:00Z,0.07723445,104826.435091,BTC/USD,BTC/USD_2025-01-17T21:00:00Z
104425.64,104761.05258,104241.061,13,104677.03242,2025-01-17T22:00:00Z,1.26934091,104534.276647,BTC/USD,BTC/USD_2025-01-17T22:00:00Z
104118.45,104540.61,104118.45,1,104374.358,2025-01-17T23:00:00Z,0.009735125,104445.3,BTC/USD,BTC/USD_2025-01-17T23:00:00Z
104666.847,104757.466,104124.914,8,104178.29,2025-01-18T00:00:00Z,0.020950292,104525.043442,BTC/USD,BTC/USD_2025-01-18T00:00:00Z
104329.5925,104715.2155,104197.215,1,104610.546,2025-01-18T01:00:00Z,0.032853684,104243.2,BTC/USD,BTC/USD_2025-01-18T01:00:00Z
104381.5,104521.7525,104291.741,1,104374.945,2025-01-18T02:00:00Z,0.000490733,104365.53,BTC/USD,BTC/USD_2025-01-18T02:00:00Z
103570.0705,104507.0475,103105.785,8,104419.875,2025-01-18T03:00:00Z,0.024903393,103882.113824,BTC/USD,BTC/USD_2025-01-18T03:00:00Z
103578.739,103670.185,102665.525,7,103503.825,2025-01-18T04:00:00Z,0.01327362,103089.128304,BTC/USD,BTC/USD_2025-01-18T04:00:00Z
102846.0,103745.865,102846.0,3,103620.2925,2025-01-18T05:00:00Z,0.009765805,103408.170523,BTC/USD,BTC/USD_2025-01-18T05:00:00Z
103466.7,103635.96,102906.4,3,102906.4,2025-01-18T06:00:00Z,0.042172355,103474.443396,BTC/USD,BTC/USD_2025-01-18T06:00:00Z
102799.11,103475.96,102595.424,6,103399.414,2025-01-18T07:00:00Z,0.109716618,102890.787232,BTC/USD,BTC/USD_2025-01-18T07:00:00Z
103258.1625,103324.395,102292.703,7,102733.8055,2025-01-18T08:00:00Z,0.174501155,102528.693128,BTC/USD,BTC/USD_2025-01-18T08:00:00Z
103107.4175,103479.55,103056.1125,12,103344.661,2025-01-18T09:00:00Z,0.067684924,103268.297501,BTC/USD,BTC/USD_2025-01-18T09:00:00Z
103135.078,103260.468,102789.0,7,103066.715,2025-01-18T10:00:00Z,0.456834139,102995.961171,BTC/USD,BTC/USD_2025-01-18T10:00:00Z
103549.692,103855.2425,102913.1,4,103098.323,2025-01-18T11:00:00Z,0.017698392,103352.118324,BTC/USD,BTC/USD_2025-01-18T11:00:00Z
103480.205,103984.7,103400.586,1,103497.755,2025-01-18T12:00:00Z,0.007426284,103601.917,BTC/USD,BTC/USD_2025-01-18T12:00:00Z
104338.3925,104338.3925,103121.4055,7,103401.298,2025-01-18T13:00:00Z,0.023301178,103717.06916,BTC/USD,BTC/USD_2025-01-18T13:00:00Z
103978.4645,104439.332,103743.773,7,104307.725,2025-01-18T14:00:00Z,0.110250691,104215.616395,BTC/USD,BTC/USD_2025-01-18T14:00:00Z
104517.371,104912.47,103756.4,6,103943.631,2025-01-18T15:00:00Z,0.020509854,104380.111106,BTC/USD,BTC/USD_2025-01-18T15:00:00Z
103206.3705,104663.4,103149.2965,10,104470.776,2025-01-18T16:00:00Z,0.026182739,104252.279625,BTC/USD,BTC/USD_2025-01-18T16:00:00Z
103739.715,104098.379,103236.785,7,103256.559,2025-01-18T17:00:00Z,0.142916199,103838.803562,BTC/USD,BTC/USD_2025-01-18T17:00:00Z
104029.554,104327.45,103772.3,6,103783.66,2025-01-18T18:00:00Z,0.110759278,104060.493922,BTC/USD,BTC/USD_2025-01-18T18:00:00Z
104290.765,104372.491,104054.835,1,104107.385,2025-01-18T19:00:00Z,0.004670263,104173.91,BTC/USD,BTC/USD_2025-01-18T19:00:00Z
103972.825,104415.0,103730.0245,194,104322.74,2025-01-18T20:00:00Z,0.210523939,103911.038373,BTC/USD,BTC/USD_2025-01-18T20:00:00Z
103818.6135,104162.985,103788.8905,0,104016.3525,2025-01-18T21:00:00Z,0.0,104046.67625,BTC/USD,BTC/USD_2025-01-18T21:00:00Z
104228.8,104239.305,103804.5325,41,103852.105,2025-01-18T22:00:00Z,0.0021,104062.565119,BTC/USD,BTC/USD_2025-01-18T22:00:00Z
104455.435,104656.167,104191.79,30,104284.0065,2025-01-18T23:00:00Z,0.058146527,104476.108825,BTC/USD,BTC/USD_2025-01-18T23:00:00Z
104100.095,104509.6,104079.103,2,104419.2205,2025-01-19T00:00:00Z,0.006,104503.016667,BTC/USD,BTC/USD_2025-01-19T00:00:00Z
104417.19,104552.67,103947.0765,1,104131.396,2025-01-19T01:00:00Z,0.373367114,104244.769,BTC/USD,BTC/USD_2025-01-19T01:00:00Z
104794.15,105330.67,104413.65,8,104458.15,2025-01-19T02:00:00Z,0.048743627,104824.009309,BTC/USD,BTC/USD_2025-01-19T02:00:00Z
104891.6805,105110.276,104482.328,2,104751.46,2025-01-19T03:00:00Z,0.002942941,104844.843564,BTC/USD,BTC/USD_2025-01-19T03:00:00Z
104925.9965,105168.965,104616.776,3,104849.6065,2025-01-19T04:00:00Z,0.024085065,104901.75986,BTC/USD,BTC/USD_2025-01-19T04:00:00Z
105025.195,105025.195,104190.106,5,104868.9025,2025-01-19T05:00:00Z,0.063780152,104501.324173,BTC/USD,BTC/USD_2025-01-19T05:00:00Z
105454.765,105459.903,104924.196,5,104956.1565,2025-01-19T06:00:00Z,0.483453663,104929.919626,BTC/USD,BTC/USD_2025-01-19T06:00:00Z
105051.25,105477.6,104833.55,8,105409.53,2025-01-19T07:00:00Z,0.327722992,105160.755853,BTC/USD,BTC/USD_2025-01-19T07:00:00Z
104280.7305,105000.331,104218.565,5,105000.331,2025-01-19T08:00:00Z,0.03736459,104512.782142,BTC/USD,BTC/USD_2025-01-19T08:00:00Z
105146.625,105292.985,103363.3255,6,104328.957,2025-01-19T09:00:00Z,0.076089325,104207.388227,BTC/USD,BTC/USD_2025-01-19T09:00:00Z
104722.068,105079.7155,104253.0,2,105079.7155,2025-01-19T10:00:00Z,0.064120536,104688.865393,BTC/USD,BTC/USD_2025-01-19T10:00:00Z
104199.6725,105186.845,104098.477,8,104730.988,2025-01-19T11:00:00Z,0.167279108,104801.989685,BTC/USD,BTC/USD_2025-01-19T11:00:00Z
104822.115,104904.685,104187.002,6,104243.73,2025-01-19T12:00:00Z,1.085433121,104521.19357,BTC/USD,BTC/USD_2025-01-19T12:00:00Z
104847.44,105239.1,104718.795,5,104787.23,2025-01-19T13:00:00Z,0.245824364,105227.260283,BTC/USD,BTC/USD_2025-01-19T13:00:00Z
105006.338,105473.35,104660.8345,2,104806.515,2025-01-19T14:00:00Z,0.004146981,105213.985498,BTC/USD,BTC/USD_2025-01-19T14:00:00Z
104813.406,105119.155,104418.675,4,105060.696,2025-01-19T15:00:00Z,0.012702198,104842.082103,BTC/USD,BTC/USD_2025-01-19T15:00:00Z
104822.4165,105107.178,104613.085,5,104763.865,2025-01-19T16:00:00Z,0.190351947,104961.843427,BTC/USD,BTC/USD_2025-01-19T16:00:00Z
105013.551,105046.9,104514.805,0,104774.855,2025-01-19T17:00:00Z,0.0,104774.855,BTC/USD,BTC/USD_2025-01-19T17:00:00Z
104917.518,105111.405,104815.65,5,105067.791,2025-01-19T18:00:00Z,0.038203961,105029.472091,BTC/USD,BTC/USD_2025-01-19T18:00:00Z
105995.565,105995.565,104889.3,13,104889.3,2025-01-19T19:00:00Z,0.167401485,105605.907353,BTC/USD,BTC/USD_2025-01-19T19:00:00Z
106233.25,106271.315,105412.049,119,105958.13,2025-01-19T20:00:00Z,0.180321839,105958.982259,BTC/USD,BTC/USD_2025-01-19T20:00:00Z
103649.174,106251.3,103567.5405,9,106251.3,2025-01-19T21:00:00Z,1.97213647,104958.477772,BTC/USD,BTC/USD_2025-01-19T21:00:00Z
103288.8,104391.45,101074.92,26,103527.75,2025-01-19T22:00:00Z,0.185679576,103051.423578,BTC/USD,BTC/USD_2025-01-19T22:00:00Z
101228.28,103244.897,99578.8,29,103244.897,2025-01-19T23:00:00Z,0.395285051,100398.021821,BTC/USD,BTC/USD_2025-01-19T23:00:00Z
99665.9705,101532.346,99525.005,13,101184.5025,2025-01-20T00:00:00Z,0.079494624,100801.584801,BTC/USD,BTC/USD_2025-01-20T00:00:00Z
100576.925,100841.7625,99550.55,13,99721.6,2025-01-20T01:00:00Z,0.028903435,100220.868319,BTC/USD,BTC/USD_2025-01-20T01:00:00Z
101871.0,102171.1705,100545.3405,13,100613.35,2025-01-20T02:00:00Z,0.155247633,101655.52815,BTC/USD,BTC/USD_2025-01-20T02:00:00Z
101812.367,102120.2,101306.63,5,101808.533,2025-01-20T03:00:00Z,0.062088454,101610.896721,BTC/USD,BTC/USD_2025-01-20T03:00:00Z
102164.85,102706.981,101508.685,8,101736.4215,2025-01-20T04:00:00Z,0.719141085,102625.358391,BTC/USD,BTC/USD_2025-01-20T04:00:00Z
102234.0915,102764.9,102070.589,11,102129.8165,2025-01-20T05:00:00Z,0.453830017,102364.415997,BTC/USD,BTC/USD_2025-01-20T05:00:00Z
107325.035,109379.685,102184.865,64,102280.528,2025-01-20T06:00:00Z,0.706258746,107152.877752,BTC/USD,BTC/USD_2025-01-20T06:00:00Z
107002.5065,109256.87,106810.86,19,107302.05,2025-01-20T07:00:00Z,0.20554301,108021.993799,BTC/USD,BTC/USD_2025-01-20T07:00:00Z
108199.846,108255.965,107068.598,17,107068.598,2025-01-20T08:00:00Z,0.348312132,107834.802366,BTC/USD,BTC/USD_2025-01-20T08:00:00Z
107992.895,109028.35,107432.4915,20,108228.77,2025-01-20T09:00:00Z,0.365858623,108283.810126,BTC/USD,BTC/USD_2025-01-20T09:00:00Z
107850.908,108616.6065,107583.5893300245,26,108067.35,2025-01-20T10:00:00Z,0.516256478,108310.935248,BTC/USD,BTC/USD_2025-01-20T10:00:00Z
108152.919,108422.314,107781.503,17,107844.816,2025-01-20T11:00:00Z,0.126386373,108034.455027,BTC/USD,BTC/USD_2025-01-20T11:00:00Z
106801.5205,108568.53,105509.4925,26,108232.063,2025-01-20T12:00:00Z,0.137465536,106633.61839,BTC/USD,BTC/USD_2025-01-20T12:00:00Z
107826.471,108002.895,106499.4,18,106839.436,2025-01-20T13:00:00Z,0.24429318,107322.312675,BTC/USD,BTC/USD_2025-01-20T13:00:00Z
107739.123,108000.5205,107198.9525,9,107912.0935,2025-01-20T14:00:00Z,0.024129667,107546.863303,BTC/USD,BTC/USD_2025-01-20T14:00:00Z
104878.935,107869.165,104510.179,20,107678.014,2025-01-20T15:00:00Z,0.054181342,106574.702663,BTC/USD,BTC/USD_2025-01-20T15:00:00Z
106572.73,106927.492,103768.9215,26,104943.779,2025-01-20T16:00:00Z,0.297541891,105440.926329,BTC/USD,BTC/USD_2025-01-20T16:00:00Z
102860.3805,106646.334,100623.52,65,106533.683,2025-01-20T17:00:00Z,0.581880336,102451.351365,BTC/USD,BTC/USD_2025-01-20T17:00:00Z
103871.83,104400.0065,102668.1,13,102804.7,2025-01-20T18:00:00Z,0.1841338,103909.496726,BTC/USD,BTC/USD_2025-01-20T18:00:00Z
103580.1755,103826.1335,102682.1005,16,103796.22,2025-01-20T19:00:00Z,0.186847969,103432.413147,BTC/USD,BTC/USD_2025-01-20T19:00:00Z
103561.77,105701.95874508379,100750.0,203,103518.4,2025-01-20T20:00:00Z,0.786844536,103836.276869,BTC/USD,BTC/USD_2025-01-20T20:00:00Z
102536.65,103937.614,102536.65,11,103613.218,2025-01-20T21:00:00Z,0.016622272,103697.804194,BTC/USD,BTC/USD_2025-01-20T21:00:00Z
103492.836,103705.8585,101813.6,6,102533.905,2025-01-20T22:00:00Z,0.02171965,102575.875406,BTC/USD,BTC/USD_2025-01-20T22:00:00Z
102225.42,103589.3075,101654.57,3,103527.3185,2025-01-20T23:00:00Z,0.006846494,103074.074935,BTC/USD,BTC/USD_2025-01-20T23:00:00Z
101067.655,102523.875,101033.3615,5,102292.8,2025-01-21T00:00:00Z,0.164219396,102216.169577,BTC/USD,BTC/USD_2025-01-21T00:00:00Z
101377.07,102101.312,100104.205,8,101027.85,2025-01-21T01:00:00Z,0.015214768,101008.799184,BTC/USD,BTC/USD_2025-01-21T01:00:00Z
102411.3795,102659.2785,101011.5,6,101344.7,2025-01-21T02:00:00Z,0.036023497,102269.748386,BTC/USD,BTC/USD_2025-01-21T02:00:00Z
102851.672,103125.0,102220.1925,7,102376.73,2025-01-21T03:00:00Z,0.48048012,102858.283653,BTC/USD,BTC/USD_2025-01-21T03:00:00Z
102239.955,102838.8005,101877.604,3,102828.027,2025-01-21T04:00:00Z,0.010222202,102089.622931,BTC/USD,BTC/USD_2025-01-21T04:00:00Z
101293.92,102374.6185,101262.215,2,102200.0575,2025-01-21T05:00:00Z,0.106773754,101584.506973,BTC/USD,BTC/USD_2025-01-21T05:00:00Z
102062.215,102062.215,101022.3,5,101244.23,2025-01-21T06:00:00Z,0.007170958,101650.494768,BTC/USD,BTC/USD_2025-01-21T06:00:00Z
101895.592,102378.485,101762.165,4,102021.216,2025-01-21T07:00:00Z,0.032830673,102273.883869,BTC/USD,BTC/USD_2025-01-21T07:00:00Z
102363.975,102388.035,101655.3205,2,101845.7855,2025-01-21T08:00:00Z,0.063471929,101999.700051,BTC/USD,BTC/USD_2025-01-21T08:00:00Z
102606.425,102768.185,102007.588,4,102380.03,2025-01-21T09:00:00Z,0.009869638,102532.699768,BTC/USD,BTC/USD_2025-01-21T09:00:00Z
103085.9,103194.48,102476.385,6,102564.8415,2025-01-21T10:00:00Z,0.031298934,102795.758373,BTC/USD,BTC/USD_2025-01-21T10:00:00Z
103668.886,103856.25,103021.85,11,103053.975,2025-01-21T11:00:00Z,0.066405185,103593.382387,BTC/USD,BTC/USD_2025-01-21T11:00:00Z
104419.1985,104633.9,103566.99,12,103727.105,2025-01-21T12:00:00Z,0.071376954,103940.440787,BTC/USD,BTC/USD_2025-01-21T12:00:00Z
104347.769,104812.6784908756,104055.3125,7,104350.824,2025-01-21T13:00:00Z,0.012317849,104640.137948,BTC/USD,BTC/USD_2025-01-21T13:00:00Z
103183.11,105196.7455,102968.72,12,104403.99,2025-01-21T14:00:00Z,0.199083388,104462.29117,BTC/USD,BTC/USD_2025-01-21T14:00:00Z
103888.8225,103990.2,102738.0605,11,103118.63,2025-01-21T15:00:00Z,0.052482673,103331.434018,BTC/USD,BTC/USD_2025-01-21T15:00:00Z
104937.165,106410.995,103798.45,24,103844.5085,2025-01-21T16:00:00Z,0.045611487,105343.512805,BTC/USD,BTC/USD_2025-01-21T16:00:00Z
106152.115,106394.845,104889.541,12,104889.541,2025-01-21T17:00:00Z,0.106906771,105577.805519,BTC/USD,BTC/USD_2025-01-21T17:00:00Z
106885.38,107283.004,105914.895,27,106201.0495,2025-01-21T18:00:00Z,0.886667537,106484.497683,BTC/USD,BTC/USD_2025-01-21T18:00:00Z
107064.295,107228.212,106301.629,20,106827.59,2025-01-21T19:00:00Z,0.151653381,106561.849318,BTC/USD,BTC/USD_2025-01-21T19:00:00Z
106114.893,107189.76,105946.8,56,107012.915,2025-01-21T20:00:00Z,0.833044177,106169.973712,BTC/USD,BTC/USD_2025-01-21T20:00:00Z
106799.203,106850.975,105790.658,5,106196.1005,2025-01-21T21:00:00Z,0.005043905,106568.301599,BTC/USD,BTC/USD_2025-01-21T21:00:00Z
106074.43,106778.8055,106056.055,2,106744.6715,2025-01-21T22:00:00Z,0.000489401,106754.557523,BTC/USD,BTC/USD_2025-01-21T22:00:00Z
106177.01,106295.0635,105505.08,3,106096.0095,2025-01-21T23:00:00Z,0.00324117,105971.722447,BTC/USD,BTC/USD_2025-01-21T23:00:00Z
105962.204,106315.27,105764.5,6,106225.95,2025-01-22T00:00:00Z,0.033144152,105904.174573,BTC/USD,BTC/USD_2025-01-22T00:00:00Z
105806.6,106386.455,105467.605,1,105922.311,2025-01-22T01:00:00Z,0.002526398,105915.9,BTC/USD,BTC/USD_2025-01-22T01:00:00Z
105600.55,106202.6435,105600.55,1,105816.8855,2025-01-22T02:00:00Z,0.000176318,106123.343,BTC/USD,BTC/USD_2025-01-22T02:00:00Z
105669.7,105892.8875,105644.15,2,105644.15,2025-01-22T03:00:00Z,0.011598401,105734.723379,BTC/USD,BTC/USD_2025-01-22T03:00:00Z
105617.805,105887.19,105342.315,7,105597.075,2025-01-22T04:00:00Z,0.54196787,105836.659986,BTC/USD,BTC/USD_2025-01-22T04:00:00Z
105711.8395,105854.686,105508.6925,2,105573.345,2025-01-22T05:00:00Z,0.003063314,105793.298804,BTC/USD,BTC/USD_2025-01-22T05:00:00Z
105397.87,105968.503,105196.65,7,105626.619,2025-01-22T06:00:00Z,0.698053387,105359.028232,BTC/USD,BTC/USD_2025-01-22T06:00:00Z
105132.736,105671.37,105072.353,4,105348.165,2025-01-22T07:00:00Z,0.031829247,105225.488532,BTC/USD,BTC/USD_2025-01-22T07:00:00Z
105276.17,105335.575,104734.826,3,105176.556,2025-01-22T08:00:00Z,0.005033628,105056.139904,BTC/USD,BTC/USD_2025-01-22T08:00:00Z
104955.953,105280.6,104878.61,1,105219.7395,2025-01-22T09:00:00Z,0.008579198,104878.61,BTC/USD,BTC/USD_2025-01-22T09:00:00Z
105146.0,105152.995,104692.195,6,104886.45,2025-01-22T10:00:00Z,0.255914335,105002.52846,BTC/USD,BTC/USD_2025-01-22T10:00:00Z
105064.924,105419.53,104774.45,9,105085.279,2025-01-22T11:00:00Z,0.151400864,105131.694499,BTC/USD,BTC/USD_2025-01-22T11:00:00Z
105306.72,105586.7,105052.1555,24,105122.98,2025-01-22T12:00:00Z,0.03085075,105437.810353,BTC/USD,BTC/USD_2025-01-22T12:00:00Z
104081.2125,105528.5,103806.0,14,105244.625,2025-01-22T13:00:00Z,0.059214348,104906.504863,BTC/USD,BTC/USD_2025-01-22T13:00:00Z
104376.112,104899.545,103637.585,24,104119.915,2025-01-22T14:00:00Z,0.321627514,104395.803188,BTC/USD,BTC/USD_2025-01-22T14:00:00Z
104229.1185,105145.985,104029.735,9,104444.662,2025-01-22T15:00:00Z,0.23633395,104347.237466,BTC/USD,BTC/USD_2025-01-22T15:00:00Z
103735.55,104229.1185,103352.6,14,104162.537,2025-01-22T16:00:00Z,0.014522361,103827.029138,BTC/USD,BTC/USD_2025-01-22T16:00:00Z
104374.96,104579.1275,103688.5365,10,103688.5365,2025-01-22T17:00:00Z,0.344825895,104012.998321,BTC/USD,BTC/USD_2025-01-22T17:00:00Z
103939.955,104673.0,103799.684,9,104325.285,2025-01-22T18:00:00Z,0.026709564,104426.530517,BTC/USD,BTC/USD_2025-01-22T18:00:00Z
104626.4085,104737.1195,103842.37,10,103882.1145,2025-01-22T19:00:00Z,0.014468822,104146.913405,BTC/USD,BTC/USD_2025-01-22T19:00:00Z
104273.697,104794.745,104022.6,99,104577.405,2025-01-22T20:00:00Z,0.155226421,104302.372009,BTC/USD,BTC/USD_2025-01-22T20:00:00Z
104082.2205,104355.272,103640.6365,22,104355.272,2025-01-22T21:00:00Z,0.01703346,103918.804155,BTC/USD,BTC/USD_2025-01-22T21:00:00Z
103817.534,104441.3666,103776.6645,8,104029.215,2025-01-22T22:00:00Z,0.007953332,104093.323802,BTC/USD,BTC/USD_2025-01-22T22:00:00Z
103643.2415,104160.155,103643.2415,2,103880.0215,2025-01-22T23:00:00Z,0.014362432,104005.872732,BTC/USD,BTC/USD_2025-01-22T23:00:00Z
103297.17,103736.71,103047.795,6,103581.975,2025-01-23T00:00:00Z,0.502618308,103498.626177,BTC/USD,BTC/USD_2025-01-23T00:00:00Z
102880.6825,103565.9455,102564.95,5,103218.2155,2025-01-23T01:00:00Z,0.651453472,103024.16828,BTC/USD,BTC/USD_2025-01-23T01:00:00Z
102632.712,102930.4585,102060.0085,13,102930.4585,2025-01-23T02:00:00Z,0.853633469,102485.19717,BTC/USD,BTC/USD_2025-01-23T02:00:00Z
102402.8,102945.435,102172.5175,6,102583.829,2025-01-23T03:00:00Z,0.020777449,102840.303102,BTC/USD,BTC/USD_2025-01-23T03:00:00Z
102018.9815,102429.71,101564.3425,18,102364.83,2025-01-23T04:00:00Z,0.836893185,101925.861351,BTC/USD,BTC/USD_2025-01-23T04:00:00Z
102475.845,102553.55,101934.1015,3,102054.581,2025-01-23T05:00:00Z,0.02127508,102225.83486,BTC/USD,BTC/USD_2025-01-23T05:00:00Z
102217.85,102870.68,102177.7705,50,102493.924,2025-01-23T06:00:00Z,0.006000671,102529.17147,BTC/USD,BTC/USD_2025-01-23T06:00:00Z
102659.329,102758.795,102053.2785,5,102184.545,2025-01-23T07:00:00Z,0.017689568,102273.328703,BTC/USD,BTC/USD_2025-01-23T07:00:00Z
102214.418,102606.8515,102036.718,2,102606.8515,2025-01-23T08:00:00Z,0.059505154,102491.646238,BTC/USD,BTC/USD_2025-01-23T08:00:00Z
101642.502,102444.6875,101562.798,7,102244.675,2025-01-23T09:00:00Z,0.009172286,102196.088921,BTC/USD,BTC/USD_2025-01-23T09:00:00Z
101625.97,102045.08,101294.4105,6,101678.4575,2025-01-23T10:00:00Z,0.05348464,101585.028654,BTC/USD,BTC/USD_2025-01-23T10:00:00Z
101914.79,102181.321,101702.1375,5,101702.1375,2025-01-23T11:00:00Z,0.029219128,101872.596137,BTC/USD,BTC/USD_2025-01-23T11:00:00Z
101613.85,102107.6225,101401.571,11,101986.3,2025-01-23T12:00:00Z,0.024238244,101673.587696,BTC/USD,BTC/USD_2025-01-23T12:00:00Z
102504.8745,102658.5915,101326.627,12,101676.1955,2025-01-23T13:00:00Z,0.080970557,102360.932322,BTC/USD,BTC/USD_2025-01-23T13:00:00Z
105186.695,106013.6,101979.781,47,102434.04,2025-01-23T14:00:00Z,0.221913819,103539.148916,BTC/USD,BTC/USD_2025-01-23T14:00:00Z
105281.629,105768.36,102762.095,27,105142.683,2025-01-23T15:00:00Z,0.682333028,104431.247934,BTC/USD,BTC/USD_2025-01-23T15:00:00Z
105162.76,106843.157,105094.38,39,105349.61132,2025-01-23T16:00:00Z,0.081098586,105994.68849,BTC/USD,BTC/USD_2025-01-23T16:00:00Z
105964.34,106273.174,104408.3945,11,105134.5245,2025-01-23T17:00:00Z,0.078172738,105003.722956,BTC/USD,BTC/USD_2025-01-23T17:00:00Z
105514.4865,106192.775,105192.855,22,106027.4,2025-01-23T18:00:00Z,0.182822744,105758.080442,BTC/USD,BTC/USD_2025-01-23T18:00:00Z
103831.024,105602.0,103507.8115,130,105431.4535,2025-01-23T19:00:00Z,0.028194714,104407.249643,BTC/USD,BTC/USD_2025-01-23T19:00:00Z
103340.624,106374.9,102637.011,134,103772.631,2025-01-23T20:00:00Z,0.375040354,104111.324806,BTC/USD,BTC/USD_2025-01-23T20:00:00Z
103155.616,103425.2985,102313.45,43,103264.405,2025-01-23T21:00:00Z,0.042275896,102915.337463,BTC/USD,BTC/USD_2025-01-23T21:00:00Z
103975.436,104724.2,103067.7345,9,103112.2595,2025-01-23T22:00:00Z,0.01537465,104179.372371,BTC/USD,BTC/USD_2025-01-23T22:00:00Z
103959.4605,104569.1,103819.13,8,104058.365,2025-01-23T23:00:00Z,0.058956809,104481.963371,BTC/USD,BTC/USD_2025-01-23T23:00:00Z
103468.0595,104163.846,103464.783,3,103899.54,2025-01-24T00:00:00Z,0.001611773,103812.770503,BTC/USD,BTC/USD_2025-01-24T00:00:00Z
103198.85,103895.808,103113.238,1,103509.575,2025-01-24T01:00:00Z,3.6759e-05,103647.544,BTC/USD,BTC/USD_2025-01-24T01:00:00Z
103028.8,103503.742,102991.303,4,103256.3255,2025-01-24T02:00:00Z,0.005406093,103479.148799,BTC/USD,BTC/USD_2025-01-24T02:00:00Z
103915.405,104242.34523,102789.3,10,103091.7245,2025-01-24T03:00:00Z,0.102418154,103704.390575,BTC/USD,BTC/USD_2025-01-24T03:00:00Z
104620.37,104886.706,103819.709,86,103867.03,2025-01-24T04:00:00Z,0.007635554,104316.821063,BTC/USD,BTC/USD_2025-01-24T04:00:00Z
105205.3,105237.05,104479.0,59,104591.975,2025-01-24T05:00:00Z,0.016473401,104795.072562,BTC/USD,BTC/USD_2025-01-24T05:00:00Z
104979.405,105403.84,104638.6875,6,105219.6,2025-01-24T06:00:00Z,0.015360364,104876.847956,BTC/USD,BTC/USD_2025-01-24T06:00:00Z
105040.25,105163.0455,104690.0765,3,105025.161,2025-01-24T07:00:00Z,0.010017334,104944.895573,BTC/USD,BTC/USD_2025-01-24T07:00:00Z
105512.79,105636.191,104950.302,9,105089.3091035,2025-01-24T08:00:00Z,0.019563052,105438.726914,BTC/USD,BTC/USD_2025-01-24T08:00:00Z
105190.68,105739.5,105063.2795,6,105451.564,2025-01-24T09:00:00Z,0.008124472,105480.166259,BTC/USD,BTC/USD_2025-01-24T09:00:00Z
105396.8555,105424.907,105079.45,4,105113.9575,2025-01-24T10:00:00Z,0.029480086,105354.472611,BTC/USD,BTC/USD_2025-01-24T10:00:00Z
105424.843,105538.55,105227.055,1,105448.8275,2025-01-24T11:00:00Z,0.000284287,105349.7,BTC/USD,BTC/USD_2025-01-24T11:00:00Z
105481.264075,105582.7565,105206.7985,4,105472.635,2025-01-24T12:00:00Z,0.165610724,105387.588288,BTC/USD,BTC/USD_2025-01-24T12:00:00Z
105169.5295,105723.84,105009.581,10,105483.52815,2025-01-24T13:00:00Z,0.019783876,105369.734815,BTC/USD,BTC/USD_2025-01-24T13:00:00Z
105831.65,106297.229219143,104678.1,17,105109.3,2025-01-24T14:00:00Z,0.14729647,105728.270607,BTC/USD,BTC/USD_2025-01-24T14:00:00Z
105908.6665,105995.304,105294.895,10,105876.4165,2025-01-24T15:00:00Z,0.130767858,105658.109715,BTC/USD,BTC/USD_2025-01-24T15:00:00Z
105693.154,106199.5,105610.7305,12,105930.91,2025-01-24T16:00:00Z,0.058343375,105932.981293,BTC/USD,BTC/USD_2025-01-24T16:00:00Z
106530.35,106724.193,105665.25,6,105733.131,2025-01-24T17:00:00Z,0.012869013,106195.120084,BTC/USD,BTC/USD_2025-01-24T17:00:00Z
106354.915,107152.468,106116.4635500828,23,106563.896,2025-01-24T18:00:00Z,0.080942616,106734.604712,BTC/USD,BTC/USD_2025-01-24T18:00:00Z
105856.73,106630.06,105745.0,15,106442.33,2025-01-24T19:00:00Z,0.115858224,106090.128702,BTC/USD,BTC/USD_2025-01-24T19:00:00Z
104827.65,105844.8,104756.2305,71,105770.348,2025-01-24T20:00:00Z,0.239279696,105243.753759,BTC/USD,BTC/USD_2025-01-24T20:00:00Z
105138.4635,105342.305,104889.905,4,104889.905,2025-01-24T21:00:00Z,0.104703807,105287.686783,BTC/USD,BTC/USD_2025-01-24T21:00:00Z
104759.886,105462.4138,104759.886,7,105087.207,2025-01-24T22:00:00Z,0.004883865,105283.502869,BTC/USD,BTC/USD_2025-01-24T22:00:00Z
104872.87,104967.2,104478.71,28,104795.4925,2025-01-24T23:00:00Z,0.018118334,104596.004368,BTC/USD,BTC/USD_2025-01-24T23:00:00Z
104434.1135,104950.5,104330.196,111,104853.0795,2025-01-25T00:00:00Z,0.010978007,104636.282545,BTC/USD,BTC/USD_2025-01-25T00:00:00Z
104730.17,104904.562,104352.95,82,104501.87,2025-01-25T01:00:00Z,0.0107403,104663.616298,BTC/USD,BTC/USD_2025-01-25T01:00:00Z
104534.3815,104878.1,104420.8,84,104805.0,2025-01-25T02:00:00Z,0.009142743,104637.202706,BTC/USD,BTC/USD_2025-01-25T02:00:00Z
105194.355,105334.846,104397.0,79,104536.652,2025-01-25T03:00:00Z,0.008632015,104761.331412,BTC/USD,BTC/USD_2025-01-25T03:00:00Z
104639.381,105196.676,104544.9,82,105119.315,2025-01-25T04:00:00Z,0.005711549,104905.088161,BTC/USD,BTC/USD_2025-01-25T04:00:00Z
104339.9965,104721.8,104218.362282878,40,104550.4,2025-01-25T05:00:00Z,0.002486067,104543.976021,BTC/USD,BTC/USD_2025-01-25T05:00:00Z
104308.366,104474.4435,104236.906141439,3,104302.49,2025-01-25T06:00:00Z,0.00485861,104258.445504,BTC/USD,BTC/USD_2025-01-25T06:00:00Z
104371.23,104481.0,104235.38,3,104235.38,2025-01-25T07:00:00Z,0.001648335,104338.590835,BTC/USD,BTC/USD_2025-01-25T07:00:00Z
104283.584141439,104490.707,104225.681141439,3,104300.96,2025-01-25T08:00:00Z,0.008360208,104353.026168,BTC/USD,BTC/USD_2025-01-25T08:00:00Z
104369.105,104448.15,104264.102,2,104348.157,2025-01-25T09:00:00Z,0.028357851,104264.258533,BTC/USD,BTC/USD_2025-01-25T09:00:00Z
104520.4345,104612.5105,104110.7825,5,104322.428,2025-01-25T10:00:00Z,0.022995367,104222.971026,BTC/USD,BTC/USD_2025-01-25T10:00:00Z
104643.2,104699.2,104373.4,7,104560.2,2025-01-25T11:00:00Z,0.08600304,104550.63423,BTC/USD,BTC/USD_2025-01-25T11:00:00Z
104757.93,104793.36,104454.3285,4,104634.1655,2025-01-25T12:00:00Z,0.041399187,104582.903194,BTC/USD,BTC/USD_2025-01-25T12:00:00Z
104701.755,104926.321,104638.295,1,104789.156,2025-01-25T13:00:00Z,0.000463677,104926.321,BTC/USD,BTC/USD_2025-01-25T13:00:00Z
104615.892,104766.0,104507.646,2,104766.0,2025-01-25T14:00:00Z,0.001412925,104650.073725,BTC/USD,BTC/USD_2025-01-25T14:00:00Z
104920.6875,105107.85,104594.5,7,104653.768,2025-01-25T15:00:00Z,0.01624396,104865.731233,BTC/USD,BTC/USD_2025-01-25T15:00:00Z
104658.332,105018.558,104614.476,6,104998.375,2025-01-25T16:00:00Z,0.007019781,104792.067634,BTC/USD,BTC/USD_2025-01-25T16:00:00Z
104908.915,104908.915,104470.46,2,104600.86,2025-01-25T17:00:00Z,0.009409595,104679.147875,BTC/USD,BTC/USD_2025-01-25T17:00:00Z
104953.17,105258.775,104854.1,2,104968.408,2025-01-25T18:00:00Z,0.05681379,104977.327736,BTC/USD,BTC/USD_2025-01-25T18:00:00Z
105046.1,105191.3875,104882.99,6,105033.754,2025-01-25T19:00:00Z,0.009610048,105093.025061,BTC/USD,BTC/USD_2025-01-25T19:00:00Z
104957.82,105180.0,104933.34,49,105121.4,2025-01-25T20:00:00Z,0.120976769,105074.294091,BTC/USD,BTC/USD_2025-01-25T20:00:00Z
105075.435,105075.435,104857.0775,1,104903.6,2025-01-25T21:00:00Z,0.000756657,104881.3,BTC/USD,BTC/USD_2025-01-25T21:00:00Z
105039.769,105175.475,105012.271,0,105116.485,2025-01-25T22:00:00Z,0.0,105116.485,BTC/USD,BTC/USD_2025-01-25T22:00:00Z
104708.45,105108.9,104706.705,4,105108.9,2025-01-25T23:00:00Z,0.001625534,104839.232796,BTC/USD,BTC/USD_2025-01-25T23:00:00Z
104596.8245,104869.0,104521.908,2,104775.752,2025-01-26T00:00:00Z,0.020449855,104757.916505,BTC/USD,BTC/USD_2025-01-26T00:00:00Z
104621.5915,104734.775,104511.445,0,104556.056,2025-01-26T01:00:00Z,0.0,104556.056,BTC/USD,BTC/USD_2025-01-26T01:00:00Z
104666.4565,104693.7175,104520.335,2,104557.475,2025-01-26T02:00:00Z,0.008770895,104602.209902,BTC/USD,BTC/USD_2025-01-26T02:00:00Z
104989.592,105160.395,104686.4675,1,104686.4675,2025-01-26T03:00:00Z,0.115,105114.73,BTC/USD,BTC/USD_2025-01-26T03:00:00Z
105151.23,105469.985,104958.385,2,105057.41,2025-01-26T04:00:00Z,0.025202489,105194.477727,BTC/USD,BTC/USD_2025-01-26T04:00:00Z
105099.98,105169.595,104981.15,4,105094.089,2025-01-26T05:00:00Z,0.015999648,105030.149524,BTC/USD,BTC/USD_2025-01-26T05:00:00Z
104964.96,105100.199,104948.3335,2,105026.535,2025-01-26T06:00:00Z,0.003124051,104991.566696,BTC/USD,BTC/USD_2025-01-26T06:00:00Z
104985.607,105062.79,104924.784,1,105020.687,2025-01-26T07:00:00Z,0.00128244,105062.79,BTC/USD,BTC/USD_2025-01-26T07:00:00Z
105046.7,105222.175,104881.764,11,105011.65,2025-01-26T08:00:00Z,0.012948437,105100.226397,BTC/USD,BTC/USD_2025-01-26T08:00:00Z
104592.015,104998.125,104417.11,3,104986.988,2025-01-26T09:00:00Z,0.021080689,104703.896836,BTC/USD,BTC/USD_2025-01-26T09:00:00Z
104715.05,104757.5,104492.95,3,104640.1795,2025-01-26T10:00:00Z,0.004873618,104612.795771,BTC/USD,BTC/USD_2025-01-26T10:00:00Z
104836.5455,104897.43,104694.958,2,104773.1655,2025-01-26T11:00:00Z,0.001183266,104892.455632,BTC/USD,BTC/USD_2025-01-26T11:00:00Z
104867.682,104867.682,104642.09,9,104809.07,2025-01-26T12:00:00Z,0.008076277,104767.184032,BTC/USD,BTC/USD_2025-01-26T12:00:00Z
104962.6945,105040.207,104858.959,2,104922.26,2025-01-26T13:00:00Z,1.9975e-05,104936.48821,BTC/USD,BTC/USD_2025-01-26T13:00:00Z
104959.636,105013.164,104805.9825,3,104902.633,2025-01-26T14:00:00Z,0.003093365,104870.707607,BTC/USD,BTC/USD_2025-01-26T14:00:00Z
104967.946,105087.38,104879.7365,5,104899.112,2025-01-26T15:00:00Z,0.004554874,104999.686084,BTC/USD,BTC/USD_2025-01-26T15:00:00Z
104931.1315,105071.905,104897.66,4,104963.3,2025-01-26T16:00:00Z,0.000907711,105052.890079,BTC/USD,BTC/USD_2025-01-26T16:00:00Z
104946.25,105075.6,104887.5495,3,104942.357,2025-01-26T17:00:00Z,0.000157782,104999.536784,BTC/USD,BTC/USD_2025-01-26T17:00:00Z
105193.1705,105292.7,104866.4,18,104866.4,2025-01-26T18:00:00Z,0.275098314,105170.337027,BTC/USD,BTC/USD_2025-01-26T18:00:00Z
105082.99,105296.56,104993.96,14,105190.83,2025-01-26T19:00:00Z,0.000133238,105110.679461,BTC/USD,BTC/USD_2025-01-26T19:00:00Z
104908.963,105255.343,104896.5,81,105162.1,2025-01-26T20:00:00Z,0.324343151,105090.661637,BTC/USD,BTC/USD_2025-01-26T20:00:00Z
104544.789,104944.914,104544.789,10,104849.385,2025-01-26T21:00:00Z,0.608579806,104810.954902,BTC/USD,BTC/USD_2025-01-26T21:00:00Z
104327.143,104722.8525,104247.523,18,104501.619,2025-01-26T22:00:00Z,0.004614956,104570.059932,BTC/USD,BTC/USD_2025-01-26T22:00:00Z
102590.64,104327.143,102517.75,43,104271.4,2025-01-26T23:00:00Z,0.101659392,103251.485121,BTC/USD,BTC/USD_2025-01-26T23:00:00Z
101709.1975,103277.68,101553.55,17,102541.168,2025-01-27T00:00:00Z,0.054540751,102503.51649,BTC/USD,BTC/USD_2025-01-27T00:00:00Z
101250.155,102337.5,101133.49,14,101755.239,2025-01-27T01:00:00Z,0.787810946,101612.365562,BTC/USD,BTC/USD_2025-01-27T01:00:00Z
100900.1,101628.233,100830.045,17,101181.625,2025-01-27T02:00:00Z,0.132524972,101110.349022,BTC/USD,BTC/USD_2025-01-27T02:00:00Z
101316.6415,101771.02,100703.7035,9,100844.8665,2025-01-27T03:00:00Z,0.08439958,101113.001307,BTC/USD,BTC/USD_2025-01-27T03:00:00Z
100355.176,101329.5795,100279.01,23,101261.844,2025-01-27T04:00:00Z,0.277115627,100808.887355,BTC/USD,BTC/USD_2025-01-27T04:00:00Z
100306.9,100668.8,99680.44,24,100365.66,2025-01-27T05:00:00Z,0.809387604,100327.178092,BTC/USD,BTC/USD_2025-01-27T05:00:00Z
98891.28,100423.33,98671.85,65,100256.175,2025-01-27T06:00:00Z,0.449828831,99375.347746,BTC/USD,BTC/USD_2025-01-27T06:00:00Z
99036.1665,99417.38,97786.435,38,98938.1575,2025-01-27T07:00:00Z,1.062863581,98725.384938,BTC/USD,BTC/USD_2025-01-27T07:00:00Z
98966.0,99299.6,98664.9145,13,98990.8,2025-01-27T08:00:00Z,0.317614204,98899.283219,BTC/USD,BTC/USD_2025-01-27T08:00:00Z
99383.05,99563.3,98680.71,82,99019.345,2025-01-27T09:00:00Z,0.534640922,99344.610096,BTC/USD,BTC/USD_2025-01-27T09:00:00Z
98362.3465,99495.2,98261.8185,17,99456.3,2025-01-27T10:00:00Z,0.746885383,98718.656374,BTC/USD,BTC/USD_2025-01-27T10:00:00Z
98776.6565,99358.6,98296.1635,9,98296.1635,2025-01-27T11:00:00Z,0.101345407,99054.281973,BTC/USD,BTC/USD_2025-01-27T11:00:00Z
100576.48,100827.59,98759.25,15,98788.28,2025-01-27T12:00:00Z,0.610783125,100320.476388,BTC/USD,BTC/USD_2025-01-27T12:00:00Z
100485.337,101664.4195598124,100026.9945,22,100643.151,2025-01-27T13:00:00Z,0.277379985,101313.622795,BTC/USD,BTC/USD_2025-01-27T13:00:00Z
101933.3705,102280.425,100162.6995,16,100446.241,2025-01-27T14:00:00Z,0.144162258,101536.979308,BTC/USD,BTC/USD_2025-01-27T14:00:00Z
101155.3725,102121.118,100921.665,14,102012.206,2025-01-27T15:00:00Z,0.15292501,101598.403366,BTC/USD,BTC/USD_2025-01-27T15:00:00Z
99703.6035,101319.6,99566.875,17,101068.3355,2025-01-27T16:00:00Z,0.041635128,100450.401623,BTC/USD,BTC/USD_2025-01-27T16:00:00Z
99137.228,100001.565,99088.491,13,99761.7495,2025-01-27T17:00:00Z,0.050827049,99593.846104,BTC/USD,BTC/USD_2025-01-27T17:00:00Z
99127.1575,99711.2545,98893.235,18,99090.203,2025-01-27T18:00:00Z,0.088859295,99366.501617,BTC/USD,BTC/USD_2025-01-27T18:00:00Z
99645.084,99874.6285,99161.98,10,99164.6955,2025-01-27T19:00:00Z,0.029295343,99448.403038,BTC/USD,BTC/USD_2025-01-27T19:00:00Z
101404.36,101719.85,99592.16,169,99678.395,2025-01-27T20:00:00Z,0.201762508,101060.945503,BTC/USD,BTC/USD_2025-01-27T20:00:00Z
101357.805,102377.7,100926.239,20,101365.765,2025-01-27T21:00:00Z,0.023902459,102073.241182,BTC/USD,BTC/USD_2025-01-27T21:00:00Z
101639.5905,101931.525,101313.45,5,101418.2505,2025-01-27T22:00:00Z,0.007107933,101734.714121,BTC/USD,BTC/USD_2025-01-27T22:00:00Z
102051.0365,102187.47,101696.285,3,101696.285,2025-01-27T23:00:00Z,0.058016572,101976.31308,BTC/USD,BTC/USD_2025-01-27T23:00:00Z
101888.93,102892.915,101835.811,7,102120.345,2025-01-28T00:00:00Z,0.0099,102515.212121,BTC/USD,BTC/USD_2025-01-28T00:00:00Z
101375.595,101980.152,101375.595,5,101829.2,2025-01-28T01:00:00Z,0.016744183,101809.378601,BTC/USD,BTC/USD_2025-01-28T01:00:00Z
102376.3845,102406.327,101343.077,3,101343.077,2025-01-28T02:00:00Z,0.007793251,101640.729925,BTC/USD,BTC/USD_2025-01-28T02:00:00Z
102660.38,102806.4845,102074.4885,2,102430.391,2025-01-28T03:00:00Z,0.005757025,102322.735565,BTC/USD,BTC/USD_2025-01-28T03:00:00Z
102934.5,103329.071,102647.608,11,102716.803,2025-01-28T04:00:00Z,0.035071537,103053.882702,BTC/USD,BTC/USD_2025-01-28T04:00:00Z
103002.5,103327.87,102876.4,4,102981.6,2025-01-28T05:00:00Z,0.10764966,103215.848189,BTC/USD,BTC/USD_2025-01-28T05:00:00Z
102745.505,103222.3285,102639.85,7,103035.1535,2025-01-28T06:00:00Z,0.05955591,102800.639275,BTC/USD,BTC/USD_2025-01-28T06:00:00Z
102801.445,103306.75,102536.35,1,102697.135,2025-01-28T07:00:00Z,0.004806787,103199.6,BTC/USD,BTC/USD_2025-01-28T07:00:00Z
102808.0395,103010.0,102655.065,5,102832.615,2025-01-28T08:00:00Z,0.035464927,102805.601052,BTC/USD,BTC/USD_2025-01-28T08:00:00Z
102916.9,102931.957,102389.705,2,102877.4765,2025-01-28T09:00:00Z,0.040943016,102729.993741,BTC/USD,BTC/USD_2025-01-28T09:00:00Z
102729.0435,103196.0185,102625.65,8,102972.075,2025-01-28T10:00:00Z,0.011788388,103072.055003,BTC/USD,BTC/USD_2025-01-28T10:00:00Z
102753.9885,102927.6505,102595.82,1,102819.785,2025-01-28T11:00:00Z,0.001905079,102851.8,BTC/USD,BTC/USD_2025-01-28T11:00:00Z
102560.3,103052.8,102517.02,6,102819.867,2025-01-28T12:00:00Z,0.783987504,102811.020174,BTC/USD,BTC/USD_2025-01-28T12:00:00Z
102564.2285,102959.1,102127.5,6,102623.2,2025-01-28T13:00:00Z,0.013707229,102905.115987,BTC/USD,BTC/USD_2025-01-28T13:00:00Z
102677.21,102909.66,101814.533,15,102524.5805,2025-01-28T14:00:00Z,0.221489923,102456.505974,BTC/USD,BTC/USD_2025-01-28T14:00:00Z
102760.261,103703.135,102564.5,18,102708.4285,2025-01-28T15:00:00Z,1.221214286,103104.063084,BTC/USD,BTC/USD_2025-01-28T15:00:00Z
102274.03,102879.018,101945.905,23,102824.192,2025-01-28T16:00:00Z,0.071881755,102229.639705,BTC/USD,BTC/USD_2025-01-28T16:00:00Z
102573.895,103091.702,102220.369,11,102348.12,2025-01-28T17:00:00Z,0.143641377,102802.412543,BTC/USD,BTC/USD_2025-01-28T17:00:00Z
102228.6,103112.52,102171.55,15,102517.4135,2025-01-28T18:00:00Z,0.022386805,102705.954612,BTC/USD,BTC/USD_2025-01-28T18:00:00Z
102435.2715,102651.0,101844.35,11,102161.121,2025-01-28T19:00:00Z,0.110880879,102291.957332,BTC/USD,BTC/USD_2025-01-28T19:00:00Z
101181.382,102561.192,101181.382,133,102361.643,2025-01-28T20:00:00Z,0.279186855,101785.894283,BTC/USD,BTC/USD_2025-01-28T20:00:00Z
100288.875,101465.032,100259.877,20,101236.465,2025-01-28T21:00:00Z,0.022878554,101012.822782,BTC/USD,BTC/USD_2025-01-28T21:00:00Z
101232.7035,101337.77,100274.049,21,100274.049,2025-01-28T22:00:00Z,0.067668646,100619.883649,BTC/USD,BTC/USD_2025-01-28T22:00:00Z
101299.715,101374.005,100729.27,15,101166.15,2025-01-28T23:00:00Z,0.006751521,100935.944804,BTC/USD,BTC/USD_2025-01-28T23:00:00Z
101663.245,101776.2,101319.85,9,101336.85,2025-01-29T00:00:00Z,0.012878048,101560.647239,BTC/USD,BTC/USD_2025-01-29T00:00:00Z
101811.3255,101948.547,101443.747,5,101718.45,2025-01-29T01:00:00Z,0.006504001,101805.745661,BTC/USD,BTC/USD_2025-01-29T01:00:00Z
101762.304,102260.95,101663.0,3,101855.805,2025-01-29T02:00:00Z,0.001360795,101897.319395,BTC/USD,BTC/USD_2025-01-29T02:00:00Z
102062.64,102147.0475,101780.5305,4,101780.5305,2025-01-29T03:00:00Z,0.114890239,101950.413755,BTC/USD,BTC/USD_2025-01-29T03:00:00Z
101982.5035,102178.331,101955.3525,4,101978.5815,2025-01-29T04:00:00Z,0.16468465,102049.361564,BTC/USD,BTC/USD_2025-01-29T04:00:00Z
102213.785,102350.163,101966.25,3,101966.25,2025-01-29T05:00:00Z,0.077877042,102222.289677,BTC/USD,BTC/USD_2025-01-29T05:00:00Z
102796.4845,102798.5,102254.055,4,102270.0145,2025-01-29T06:00:00Z,0.010775506,102473.939691,BTC/USD,BTC/USD_2025-01-29T06:00:00Z
102726.342,102855.469,102453.35,4,102855.469,2025-01-29T07:00:00Z,0.060043381,102552.255472,BTC/USD,BTC/USD_2025-01-29T07:00:00Z
102707.048,102938.448,102687.46,3,102786.3505,2025-01-29T08:00:00Z,0.59803622,102764.825586,BTC/USD,BTC/USD_2025-01-29T08:00:00Z
102255.33,102734.131,102255.33,3,102734.131,2025-01-29T09:00:00Z,0.0188184,102346.459193,BTC/USD,BTC/USD_2025-01-29T09:00:00Z
102500.4905,102671.532,101670.0,1,102248.089,2025-01-29T10:00:00Z,0.0001,102423.1,BTC/USD,BTC/USD_2025-01-29T10:00:00Z
102603.8,102778.915,102376.552,7,102536.806,2025-01-29T11:00:00Z,0.028431674,102578.61354,BTC/USD,BTC/USD_2025-01-29T11:00:00Z
102188.1465,102769.285,102185.8,3,102520.6655,2025-01-29T12:00:00Z,0.010553456,102392.601413,BTC/USD,BTC/USD_2025-01-29T12:00:00Z
101843.51,102287.785,101708.2655,4,102262.999,2025-01-29T13:00:00Z,0.004227147,101894.421858,BTC/USD,BTC/USD_2025-01-29T13:00:00Z
101966.88,102324.0615,101587.7075,9,101805.04,2025-01-29T14:00:00Z,0.021665526,102112.619526,BTC/USD,BTC/USD_2025-01-29T14:00:00Z
102006.355,102466.169,101794.695,4,102009.42,2025-01-29T15:00:00Z,0.011433936,102011.779345,BTC/USD,BTC/USD_2025-01-29T15:00:00Z
102078.13,102141.61,101673.245,12,101948.22,2025-01-29T16:00:00Z,0.010799661,101915.624044,BTC/USD,BTC/USD_2025-01-29T16:00:00Z
102352.127,102733.2665,102029.786,2,102029.786,2025-01-29T17:00:00Z,0.009655595,102487.808806,BTC/USD,BTC/USD_2025-01-29T17:00:00Z
102915.54,103027.0745,102037.9,4,102397.0,2025-01-29T18:00:00Z,0.021987346,102182.529385,BTC/USD,BTC/USD_2025-01-29T18:00:00Z
103556.0925,103919.255,101420.14,24,102852.5555,2025-01-29T19:00:00Z,0.039442091,102435.850018,BTC/USD,BTC/USD_2025-01-29T19:00:00Z
104220.35,104769.0065,102882.265,132,103607.0975,2025-01-29T20:00:00Z,0.408199702,104101.161627,BTC/USD,BTC/USD_2025-01-29T20:00:00Z
103771.595,104403.1435,103771.595,17,104298.3,2025-01-29T21:00:00Z,0.004150905,104118.774402,BTC/USD,BTC/USD_2025-01-29T21:00:00Z
103492.62,104071.568,103414.3,18,103729.0715,2025-01-29T22:00:00Z,0.016163797,103700.022959,BTC/USD,BTC/USD_2025-01-29T22:00:00Z
103713.395,104322.65,103427.8,52,103427.8,2025-01-29T23:00:00Z,0.050378615,103900.042675,BTC/USD,BTC/USD_2025-01-29T23:00:00Z
104019.5325,104138.0085,103274.793,65,103754.0245,2025-01-30T00:00:00Z,0.001294128,103663.745126,BTC/USD,BTC/USD_2025-01-30T00:00:00Z
104244.645,104548.681,103896.99,66,104085.17,2025-01-30T01:00:00Z,0.001193109,104230.355034,BTC/USD,BTC/USD_2025-01-30T01:00:00Z
104673.903,104673.903,104033.4,26,104217.0185,2025-01-30T02:00:00Z,0.001435488,104141.58114,BTC/USD,BTC/USD_2025-01-30T02:00:00Z
105202.9,105242.0,104478.56,35,104596.945,2025-01-30T03:00:00Z,0.016989141,104964.673344,BTC/USD,BTC/USD_2025-01-30T03:00:00Z
105526.2735,105567.58,104855.4,34,105216.1,2025-01-30T04:00:00Z,0.034777196,105043.119162,BTC/USD,BTC/USD_2025-01-30T04:00:00Z
105357.4605,105543.565,104994.203,17,105496.13,2025-01-30T05:00:00Z,0.001337865,105109.044202,BTC/USD,BTC/USD_2025-01-30T05:00:00Z
105199.0085,105600.0,105115.802,48,105418.378,2025-01-30T06:00:00Z,0.035882042,105400.787387,BTC/USD,BTC/USD_2025-01-30T06:00:00Z
105166.9195,105334.94,104777.3,30,105118.935,2025-01-30T07:00:00Z,0.00396984,104870.98109,BTC/USD,BTC/USD_2025-01-30T07:00:00Z
105115.42,105399.95,104858.5,42,105187.585,2025-01-30T08:00:00Z,0.062434596,105055.783021,BTC/USD,BTC/USD_2025-01-30T08:00:00Z
105398.565,105549.06,105021.874,56,105172.54,2025-01-30T09:00:00Z,0.062755931,105329.35713,BTC/USD,BTC/USD_2025-01-30T09:00:00Z
105310.0735,105469.5,105081.16,38,105469.5,2025-01-30T10:00:00Z,0.000721566,105254.727614,BTC/USD,BTC/USD_2025-01-30T10:00:00Z
105290.309,105468.231,105055.77,44,105227.18,2025-01-30T11:00:00Z,0.135965053,105238.390531,BTC/USD,BTC/USD_2025-01-30T11:00:00Z
105043.3135,105290.309,104847.78,32,105238.316,2025-01-30T12:00:00Z,0.001571375,104999.609176,BTC/USD,BTC/USD_2025-01-30T12:00:00Z
104860.705,105356.82,104860.705,35,104974.5095,2025-01-30T13:00:00Z,0.057871629,105097.725879,BTC/USD,BTC/USD_2025-01-30T13:00:00Z
105915.21,106200.1,104680.065,42,104918.477,2025-01-30T14:00:00Z,0.272752633,105406.121789,BTC/USD,BTC/USD_2025-01-30T14:00:00Z
105558.625,106398.52224,105428.606,30,105851.649,2025-01-30T15:00:00Z,0.100454126,105990.072818,BTC/USD,BTC/USD_2025-01-30T15:00:00Z
105709.293,106005.7115,105496.41,6,105622.8725,2025-01-30T16:00:00Z,0.026398935,105737.966838,BTC/USD,BTC/USD_2025-01-30T16:00:00Z
105337.865,105676.27,104983.4265,11,105676.27,2025-01-30T17:00:00Z,0.004504884,105322.173843,BTC/USD,BTC/USD_2025-01-30T17:00:00Z
105591.295,105591.295,104786.691,6,105303.91,2025-01-30T18:00:00Z,0.013199862,105376.676394,BTC/USD,BTC/USD_2025-01-30T18:00:00Z
105728.5995,105753.3955,105289.255,8,105625.484,2025-01-30T19:00:00Z,0.032409599,105626.852988,BTC/USD,BTC/USD_2025-01-30T19:00:00Z
104938.406,105864.201,104888.94,122,105783.32,2025-01-30T20:00:00Z,0.344318867,105198.623695,BTC/USD,BTC/USD_2025-01-30T20:00:00Z
105063.075,105242.8,104874.4775,9,105002.7,2025-01-30T21:00:00Z,0.002124179,105133.31403,BTC/USD,BTC/USD_2025-01-30T21:00:00Z
105109.082,105351.116,105002.754,9,105125.2,2025-01-30T22:00:00Z,0.008558245,105110.433897,BTC/USD,BTC/USD_2025-01-30T22:00:00Z
104740.315,105275.367,104740.315,0,105110.568,2025-01-30T23:00:00Z,0.0,105125.04775,BTC/USD,BTC/USD_2025-01-30T23:00:00Z
104914.72,105017.5,104367.778,7,104786.493,2025-01-31T00:00:00Z,0.050409157,104830.78009,BTC/USD,BTC/USD_2025-01-31T00:00:00Z
104724.055,104875.741,104474.465,2,104875.741,2025-01-31T01:00:00Z,0.007094515,104668.785869,BTC/USD,BTC/USD_2025-01-31T01:00:00Z
104350.293,104867.168,104280.606641439,2,104786.759,2025-01-31T02:00:00Z,0.011759905,104374.577708,BTC/USD,BTC/USD_2025-01-31T02:00:00Z
104332.422,104383.21,103923.837,7,104299.535,2025-01-31T03:00:00Z,0.6532,104180.429524,BTC/USD,BTC/USD_2025-01-31T03:00:00Z
104005.735,104561.7355,103980.925,1,104298.083,2025-01-31T04:00:00Z,0.000689487,104200.79,BTC/USD,BTC/USD_2025-01-31T04:00:00Z
104283.423,104475.837,104006.629,2,104006.629,2025-01-31T05:00:00Z,0.021958393,104310.745456,BTC/USD,BTC/USD_2025-01-31T05:00:00Z
104502.5385,104751.2785,104337.3865,4,104337.3865,2025-01-31T06:00:00Z,0.013135561,104532.708564,BTC/USD,BTC/USD_2025-01-31T06:00:00Z
104190.29,104801.9415,104049.415,0,104474.364,2025-01-31T07:00:00Z,0.0,104474.364,BTC/USD,BTC/USD_2025-01-31T07:00:00Z
104058.935,104325.25,103991.53,7,104255.036,2025-01-31T08:00:00Z,0.031599993,104145.604796,BTC/USD,BTC/USD_2025-01-31T08:00:00Z
104260.037,104335.95,103913.599,6,104037.7595,2025-01-31T09:00:00Z,0.023770403,104180.865354,BTC/USD,BTC/USD_2025-01-31T09:00:00Z
104274.7765,104398.78,104059.179,2,104201.4105,2025-01-31T10:00:00Z,0.003086837,104125.67084,BTC/USD,BTC/USD_2025-01-31T10:00:00Z
104760.45,104836.8955,104276.5,3,104276.5,2025-01-31T11:00:00Z,0.002107274,104817.772519,BTC/USD,BTC/USD_2025-01-31T11:00:00Z
104671.813,104870.182,104589.199,3,104696.914,2025-01-31T12:00:00Z,0.01108395,104749.717261,BTC/USD,BTC/USD_2025-01-31T12:00:00Z
104636.655,104970.3,104569.04,2,104727.266,2025-01-31T13:00:00Z,0.002740514,104706.941885,BTC/USD,BTC/USD_2025-01-31T13:00:00Z
104424.835,104816.41,104110.7445,14,104701.48,2025-01-31T14:00:00Z,0.157716494,104312.178248,BTC/USD,BTC/USD_2025-01-31T14:00:00Z
105469.557,106027.53,104449.1,18,104449.1,2025-01-31T15:00:00Z,0.114696142,104872.162416,BTC/USD,BTC/USD_2025-01-31T15:00:00Z
105075.345,105653.73,104736.36,15,105520.305,2025-01-31T16:00:00Z,0.101420993,105019.825593,BTC/USD,BTC/USD_2025-01-31T16:00:00Z
104617.6145,105093.97,104573.15,5,105047.6625,2025-01-31T17:00:00Z,0.020270981,104860.462992,BTC/USD,BTC/USD_2025-01-31T17:00:00Z
102596.962,104830.934,102569.31,15,104579.078,2025-01-31T18:00:00Z,0.06753716,103391.351112,BTC/USD,BTC/USD_2025-01-31T18:00:00Z
102317.583,102963.07,102090.238,15,102541.5175,2025-01-31T19:00:00Z,0.107434348,102618.017491,BTC/USD,BTC/USD_2025-01-31T19:00:00Z
101606.8345,102269.3,101582.77,151,102250.4,2025-01-31T20:00:00Z,0.83547162,101816.968613,BTC/USD,BTC/USD_2025-01-31T20:00:00Z
102090.7,102090.7,101544.669,8,101544.669,2025-01-31T21:00:00Z,0.020837559,101733.694723,BTC/USD,BTC/USD_2025-01-31T21:00:00Z
102204.8,102471.24,101898.0,5,102134.295,2025-01-31T22:00:00Z,0.057958792,102094.152625,BTC/USD,BTC/USD_2025-01-31T22:00:00Z
102408.05,102433.53,101988.0045,3,102181.835,2025-01-31T23:00:00Z,0.002496254,102363.991874,BTC/USD,BTC/USD_2025-01-31T23:00:00Z
102498.059,102513.485,102209.325,0,102374.098,2025-02-01T00:00:00Z,0.0,102374.098,BTC/USD,BTC/USD_2025-02-01T00:00:00Z
102544.836,102828.21,102478.385,2,102478.385,2025-02-01T01:00:00Z,9.7997e-05,102752.13061,BTC/USD,BTC/USD_2025-02-01T01:00:00Z
102490.99,102797.27,102422.817475,4,102464.367,2025-02-01T02:00:00Z,3.9111e-05,102712.509724,BTC/USD,BTC/USD_2025-02-01T02:00:00Z
102231.6965,102497.2,102207.9155,7,102423.46,2025-02-01T03:00:00Z,0.038035368,102395.867801,BTC/USD,BTC/USD_2025-02-01T03:00:00Z
102355.245,102579.1,102134.501,6,102291.9595,2025-02-01T04:00:00Z,0.049713656,102280.142561,BTC/USD,BTC/USD_2025-02-01T04:00:00Z
102475.91,102577.82,102297.945,5,102303.79,2025-02-01T05:00:00Z,0.039947466,102549.000206,BTC/USD,BTC/USD_2025-02-01T05:00:00Z
102405.05,102545.7315,102183.3425,4,102545.7315,2025-02-01T06:00:00Z,0.00489946,102461.500549,BTC/USD,BTC/USD_2025-02-01T06:00:00Z
102178.45,102492.4,102158.12,5,102452.371,2025-02-01T07:00:00Z,0.531074358,102395.39339,BTC/USD,BTC/USD_2025-02-01T07:00:00Z
102025.46,102250.023,101870.67,3,102186.555,2025-02-01T08:00:00Z,0.004292449,102008.779595,BTC/USD,BTC/USD_2025-02-01T08:00:00Z
101646.49,101969.0295,101390.625186104,3,101969.0295,2025-02-01T09:00:00Z,0.053696506,101799.623777,BTC/USD,BTC/USD_2025-02-01T09:00:00Z
101620.895,102013.21,101614.502,6,101714.7675,2025-02-01T10:00:00Z,0.058897872,101987.112293,BTC/USD,BTC/USD_2025-02-01T10:00:00Z
102013.04,102021.1975,101654.0,1,101654.0,2025-02-01T11:00:00Z,0.01,102016.688,BTC/USD,BTC/USD_2025-02-01T11:00:00Z
102254.9835,102300.3685,102035.235,3,102053.8835,2025-02-01T12:00:00Z,0.006101055,102232.212302,BTC/USD,BTC/USD_2025-02-01T12:00:00Z
101804.45,102284.3,101804.45,3,102200.671,2025-02-01T13:00:00Z,0.002245189,102175.369861,BTC/USD,BTC/USD_2025-02-01T13:00:00Z
101846.9775,102140.771,101803.05,6,101849.585,2025-02-01T14:00:00Z,0.00959532,101997.088834,BTC/USD,BTC/USD_2025-02-01T14:00:00Z
102065.81,102154.5595,101702.3035,4,101890.612,2025-02-01T15:00:00Z,0.108884542,101945.273029,BTC/USD,BTC/USD_2025-02-01T15:00:00Z
101891.1675,102206.975,101891.1675,9,102122.51,2025-02-01T16:00:00Z,0.01650618,101979.969949,BTC/USD,BTC/USD_2025-02-01T16:00:00Z
102261.265,102275.4655,101960.68,2,101960.68,2025-02-01T17:00:00Z,0.041061137,102129.846631,BTC/USD,BTC/USD_2025-02-01T17:00:00Z
101977.15,102299.77,101977.15,4,102219.5165,2025-02-01T18:00:00Z,0.002124111,102237.00311,BTC/USD,BTC/USD_2025-02-01T18:00:00Z
101651.8435,102024.9915,101463.45,6,102024.9915,2025-02-01T19:00:00Z,0.0058951,101728.277085,BTC/USD,BTC/USD_2025-02-01T19:00:00Z
101310.678,101663.3,100925.9,75,101594.177,2025-02-01T20:00:00Z,0.152061393,101186.252581,BTC/USD,BTC/USD_2025-02-01T20:00:00Z
101197.2445,101551.16,101071.488,6,101264.963,2025-02-01T21:00:00Z,0.030363699,101420.581883,BTC/USD,BTC/USD_2025-02-01T21:00:00Z
100658.911,101411.238,100538.4205,3,101132.8825,2025-02-01T22:00:00Z,0.017455583,101176.843377,BTC/USD,BTC/USD_2025-02-01T22:00:00Z
100646.095,100904.07,100301.25,6,100610.4735,2025-02-01T23:00:00Z,0.084559982,100440.839112,BTC/USD,BTC/USD_2025-02-01T23:00:00Z
101254.285,101277.1815,100492.9035,7,100623.3435,2025-02-02T00:00:00Z,0.050085781,100607.802463,BTC/USD,BTC/USD_2025-02-02T00:00:00Z
101233.89,101408.833,101194.9435,2,101194.9435,2025-02-02T01:00:00Z,0.001439657,101390.444592,BTC/USD,BTC/USD_2025-02-02T01:00:00Z
100498.4,101193.845,100420.695,4,101161.1905,2025-02-02T02:00:00Z,0.069302113,100819.683566,BTC/USD,BTC/USD_2025-02-02T02:00:00Z
99180.572,100726.034,99180.572,20,100435.595,2025-02-02T03:00:00Z,0.171107294,99612.498071,BTC/USD,BTC/USD_2025-02-02T03:00:00Z
99539.16,99858.764,99053.35,16,99101.7305,2025-02-02T04:00:00Z,0.039717906,99547.332285,BTC/USD,BTC/USD_2025-02-02T04:00:00Z
100254.85,100356.155,99481.15,13,99481.15,2025-02-02T05:00:00Z,0.017418187,100019.055092,BTC/USD,BTC/USD_2025-02-02T05:00:00Z
100258.326,100511.272,100144.0795,7,100195.185,2025-02-02T06:00:00Z,0.037013311,100405.777577,BTC/USD,BTC/USD_2025-02-02T06:00:00Z
99649.24,100261.2,99600.97,11,100212.28,2025-02-02T07:00:00Z,0.053657458,99801.635164,BTC/USD,BTC/USD_2025-02-02T07:00:00Z
99828.607,100149.814,99378.3693548385,6,99589.1115,2025-02-02T08:00:00Z,0.054658553,99818.721308,BTC/USD,BTC/USD_2025-02-02T08:00:00Z
99670.235,99824.3875,99397.2193548385,7,99758.974,2025-02-02T09:00:00Z,0.076242981,99709.673099,BTC/USD,BTC/USD_2025-02-02T09:00:00Z
99388.555,99646.028,99279.291563275,7,99646.028,2025-02-02T10:00:00Z,0.073080557,99474.48804,BTC/USD,BTC/USD_2025-02-02T10:00:00Z
98836.268,99551.7755,98639.5015,11,99421.8775,2025-02-02T11:00:00Z,0.137574186,99243.714806,BTC/USD,BTC/USD_2025-02-02T11:00:00Z
98193.405856079,99151.4,98193.405856079,21,98883.836,2025-02-02T12:00:00Z,0.16506089,98572.842498,BTC/USD,BTC/USD_2025-02-02T12:00:00Z
98775.55,98843.9,98209.975856079,12,98209.975856079,2025-02-02T13:00:00Z,0.162309757,98653.033053,BTC/USD,BTC/USD_2025-02-02T13:00:00Z
99208.09,99450.9,98700.0,14,98817.0,2025-02-02T14:00:00Z,0.16783325,99339.763981,BTC/USD,BTC/USD_2025-02-02T14:00:00Z
99374.116,99374.116,98712.1955,9,99140.19,2025-02-02T15:00:00Z,0.180204644,99154.051705,BTC/USD,BTC/USD_2025-02-02T15:00:00Z
98270.152,99333.616,98098.95,12,99316.43,2025-02-02T16:00:00Z,0.147777451,98822.182998,BTC/USD,BTC/USD_2025-02-02T16:00:00Z
97163.13,98549.174,97012.66,36,98335.77,2025-02-02T17:00:00Z,0.430213222,97637.937504,BTC/USD,BTC/USD_2025-02-02T17:00:00Z
97017.444,97891.1,96851.818282878,20,97241.88,2025-02-02T18:00:00Z,0.470179899,97311.171625,BTC/USD,BTC/USD_2025-02-02T18:00:00Z
98239.913,98599.58,96866.080782878,24,97070.837,2025-02-02T19:00:00Z,0.131125641,97868.533681,BTC/USD,BTC/USD_2025-02-02T19:00:00Z
97791.5395,98569.7215,97584.9,139,98180.226,2025-02-02T20:00:00Z,0.147894332,98019.681858,BTC/USD,BTC/USD_2025-02-02T20:00:00Z
96986.8175,97954.675,96592.86,12,97739.795,2025-02-02T21:00:00Z,0.200635322,97128.466314,BTC/USD,BTC/USD_2025-02-02T21:00:00Z
97944.1465,98017.195,96258.86,21,97064.85,2025-02-02T22:00:00Z,0.299669619,96590.059142,BTC/USD,BTC/USD_2025-02-02T22:00:00Z
97714.92,98022.0,96540.0715,23,98022.0,2025-02-02T23:00:00Z,0.217855431,97150.021027,BTC/USD,BTC/USD_2025-02-02T23:00:00Z
96513.595,97721.607,95555.3993796525,42,97665.0,2025-02-03T00:00:00Z,0.276000005,97225.252972,BTC/USD,BTC/USD_2025-02-03T00:00:00Z
93328.685,99681.567111126,92024.4,68,96460.33,2025-02-03T01:00:00Z,0.356010812,93875.823671,BTC/USD,BTC/USD_2025-02-03T01:00:00Z
93573.2685,99681.567111126,91321.568238213,74,93381.456,2025-02-03T02:00:00Z,0.319773292,93887.428945,BTC/USD,BTC/USD_2025-02-03T02:00:00Z
94108.77,94745.21,93472.195,56,93606.725,2025-02-03T03:00:00Z,0.214492271,94356.265528,BTC/USD,BTC/USD_2025-02-03T03:00:00Z
92859.6,94543.525,92721.363,69,94057.7045,2025-02-03T04:00:00Z,0.232835156,93767.652153,BTC/USD,BTC/USD_2025-02-03T04:00:00Z
94271.805,94296.03,92777.5,65,92899.4855,2025-02-03T05:00:00Z,0.228133393,93587.09371,BTC/USD,BTC/USD_2025-02-03T05:00:00Z
94010.8445,94683.42,93738.8525,42,94324.81,2025-02-03T06:00:00Z,0.503310138,94040.197621,BTC/USD,BTC/USD_2025-02-03T06:00:00Z
95400.945,95519.8,93920.3,27,93920.3,2025-02-03T07:00:00Z,0.394602471,94289.583724,BTC/USD,BTC/USD_2025-02-03T07:00:00Z
95441.13,95740.85,94895.5,17,95449.4,2025-02-03T08:00:00Z,0.152955762,95278.408061,BTC/USD,BTC/USD_2025-02-03T08:00:00Z
95369.25,96061.81,94976.763027295,14,95373.07,2025-02-03T09:00:00Z,0.731197322,95783.518756,BTC/USD,BTC/USD_2025-02-03T09:00:00Z
95789.2235,95798.55,94914.09,7,95442.076,2025-02-03T10:00:00Z,0.132563766,95400.640444,BTC/USD,BTC/USD_2025-02-03T10:00:00Z
95220.68,95749.23,95024.15,6,95738.727,2025-02-03T11:00:00Z,0.004075552,95500.047485,BTC/USD,BTC/USD_2025-02-03T11:00:00Z
94893.45,95654.196,94817.267,6,95265.685,2025-02-03T12:00:00Z,0.042330301,95208.848338,BTC/USD,BTC/USD_2025-02-03T12:00:00Z
94745.149,95494.072,94493.3235,14,94841.1,2025-02-03T13:00:00Z,0.154004911,95268.972839,BTC/USD,BTC/USD_2025-02-03T13:00:00Z
96701.445,96798.332,94252.735,24,94809.01,2025-02-03T14:00:00Z,0.184421743,95655.941232,BTC/USD,BTC/USD_2025-02-03T14:00:00Z
99068.15,99628.0,96104.679900744,48,96633.32,2025-02-03T15:00:00Z,0.733394379,98020.194645,BTC/USD,BTC/USD_2025-02-03T15:00:00Z
98770.96,99312.16,98358.263,24,99004.699,2025-02-03T16:00:00Z,0.577984747,98681.004789,BTC/USD,BTC/USD_2025-02-03T16:00:00Z
99376.2,99422.327,98160.517,15,98745.0,2025-02-03T17:00:00Z,0.0212834,98476.427266,BTC/USD,BTC/USD_2025-02-03T17:00:00Z
100029.4255,100152.2,99114.2105,14,99345.0,2025-02-03T18:00:00Z,0.206806741,99889.787407,BTC/USD,BTC/USD_2025-02-03T18:00:00Z
102020.75,102020.75,99800.129,22,100085.751,2025-02-03T19:00:00Z,0.047806438,100746.343446,BTC/USD,BTC/USD_2025-02-03T19:00:00Z
101223.4315,102116.7765,101217.8825,244,102032.0,2025-02-03T20:00:00Z,0.143012615,101740.565553,BTC/USD,BTC/USD_2025-02-03T20:00:00Z
101954.9445,102084.921,101066.4015,7,101192.0,2025-02-03T21:00:00Z,0.097555885,101629.844395,BTC/USD,BTC/USD_2025-02-03T21:00:00Z
101797.995,102604.875,101648.6,7,102037.8985,2025-02-03T22:00:00Z,0.018867429,102225.475068,BTC/USD,BTC/USD_2025-02-03T22:00:00Z
101445.725,101970.57,101445.725,2,101834.6,2025-02-03T23:00:00Z,0.005,101708.7788,BTC/USD,BTC/USD_2025-02-03T23:00:00Z
101218.135,101778.7245,101218.135,4,101520.305,2025-02-04T00:00:00Z,0.014380408,101456.617173,BTC/USD,BTC/USD_2025-02-04T00:00:00Z
101516.285,101768.67,100756.709,1,101249.0085,2025-02-04T01:00:00Z,0.594463008,100756.709,BTC/USD,BTC/USD_2025-02-04T01:00:00Z
100932.321,101502.015,100932.321,3,101460.9,2025-02-04T02:00:00Z,0.011089815,101102.43899,BTC/USD,BTC/USD_2025-02-04T02:00:00Z
100729.7795,101146.1155,100675.645,2,100976.445,2025-02-04T03:00:00Z,0.001205732,100876.317344,BTC/USD,BTC/USD_2025-02-04T03:00:00Z
100145.835,101474.5,100125.261,7,100775.315,2025-02-04T04:00:00Z,0.017575005,100299.518054,BTC/USD,BTC/USD_2025-02-04T04:00:00Z
98992.245,100182.16,98349.275,13,100182.16,2025-02-04T05:00:00Z,0.036122461,98866.047144,BTC/USD,BTC/USD_2025-02-04T05:00:00Z
99413.875,99671.614,98922.452,3,98934.865,2025-02-04T06:00:00Z,0.009160287,99187.400317,BTC/USD,BTC/USD_2025-02-04T06:00:00Z
98553.62,99532.1265,98425.4286116625,3,99375.74,2025-02-04T07:00:00Z,0.000228306,98731.934165,BTC/USD,BTC/USD_2025-02-04T07:00:00Z
98370.8,99082.4107200002,97948.18,10,98503.82,2025-02-04T08:00:00Z,0.026971548,98365.621701,BTC/USD,BTC/USD_2025-02-04T08:00:00Z
98416.173,98867.883,98375.685,2,98431.71,2025-02-04T09:00:00Z,0.010554141,98740.855441,BTC/USD,BTC/USD_2025-02-04T09:00:00Z
98891.724,99054.67,98463.09,3,98463.09,2025-02-04T10:00:00Z,0.021815365,98761.858627,BTC/USD,BTC/USD_2025-02-04T10:00:00Z
99040.243,99533.748,98830.43,4,98830.43,2025-02-04T11:00:00Z,0.020524728,99264.177037,BTC/USD,BTC/USD_2025-02-04T11:00:00Z
99478.9355,99865.4357200002,99097.4975,3,99097.4975,2025-02-04T12:00:00Z,0.002507606,99390.265927,BTC/USD,BTC/USD_2025-02-04T12:00:00Z
99117.3215,99698.5,99117.3215,11,99419.217,2025-02-04T13:00:00Z,0.070648547,99389.528118,BTC/USD,BTC/USD_2025-02-04T13:00:00Z
100059.0195,100499.2,98764.452605459,20,99185.0615,2025-02-04T14:00:00Z,0.095642287,99679.805955,BTC/USD,BTC/USD_2025-02-04T14:00:00Z
99467.6415,100339.125,98402.835,20,100129.625,2025-02-04T15:00:00Z,0.140772364,99247.873722,BTC/USD,BTC/USD_2025-02-04T15:00:00Z
99146.505,99982.4,99119.17,13,99520.645,2025-02-04T16:00:00Z,0.07774083,99564.213878,BTC/USD,BTC/USD_2025-02-04T16:00:00Z
99264.55,99690.32,98907.113,11,99184.1115,2025-02-04T17:00:00Z,0.077800963,99097.015294,BTC/USD,BTC/USD_2025-02-04T17:00:00Z
99460.1495,99641.22,98921.572058,14,99220.3145,2025-02-04T18:00:00Z,0.252827213,99297.448725,BTC/USD,BTC/USD_2025-02-04T18:00:00Z
98954.29,100863.815,98886.405,15,99415.95,2025-02-04T19:00:00Z,1.06340941,100680.475961,BTC/USD,BTC/USD_2025-02-04T19:00:00Z
98691.7335,99754.5,98062.449,112,98867.274,2025-02-04T20:00:00Z,0.422430374,98927.537725,BTC/USD,BTC/USD_2025-02-04T20:00:00Z
96563.379,98660.493,96537.59,18,98660.493,2025-02-04T21:00:00Z,0.1191252,97179.179262,BTC/USD,BTC/USD_2025-02-04T21:00:00Z
97697.8051600002,97970.1285,96254.373,10,96537.035,2025-02-04T22:00:00Z,0.031490295,96599.223925,BTC/USD,BTC/USD_2025-02-04T22:00:00Z
97799.305,98233.013,97558.9,3,97662.0915,2025-02-04T23:00:00Z,0.007707593,97754.830081,BTC/USD,BTC/USD_2025-02-04T23:00:00Z
98356.5715,98519.02,97767.35,8,97876.32,2025-02-05T00:00:00Z,0.023596999,98437.322151,BTC/USD,BTC/USD_2025-02-05T00:00:00Z
97876.835,98920.081,97780.425,4,98351.0,2025-02-05T01:00:00Z,0.032462354,98231.556339,BTC/USD,BTC/USD_2025-02-05T01:00:00Z
98012.515,98195.1975893295,97182.483,7,97916.26,2025-02-05T02:00:00Z,1.015009458,97271.908128,BTC/USD,BTC/USD_2025-02-05T02:00:00Z
98128.5045,98371.61,97811.335,6,98083.315,2025-02-05T03:00:00Z,0.020868069,98120.271381,BTC/USD,BTC/USD_2025-02-05T03:00:00Z
98053.63,98386.368,97966.513,0,98053.51,2025-02-05T04:00:00Z,0.0,98088.305,BTC/USD,BTC/USD_2025-02-05T04:00:00Z
98206.915,98328.226,97764.422,7,98122.0,2025-02-05T05:00:00Z,0.059811035,98042.700492,BTC/USD,BTC/USD_2025-02-05T05:00:00Z
97717.606,98239.137,97656.1135,4,98145.4165,2025-02-05T06:00:00Z,0.104981634,97949.357984,BTC/USD,BTC/USD_2025-02-05T06:00:00Z
97942.875,98020.05,97434.5,3,97666.605,2025-02-05T07:00:00Z,0.03058184,97442.724464,BTC/USD,BTC/USD_2025-02-05T07:00:00Z
97682.0715,98069.3,97636.0,4,97877.7695,2025-02-05T08:00:00Z,0.001847268,97977.227274,BTC/USD,BTC/USD_2025-02-05T08:00:00Z
97503.1005,97986.6,97343.693,4,97612.45,2025-02-05T09:00:00Z,0.001096482,97502.901989,BTC/USD,BTC/USD_2025-02-05T09:00:00Z
97786.042,98055.23,97463.4,3,97463.4,2025-02-05T10:00:00Z,0.177475484,97945.566468,BTC/USD,BTC/USD_2025-02-05T10:00:00Z
98281.145,98301.5,97786.359,8,97844.873,2025-02-05T11:00:00Z,0.015731162,98120.574993,BTC/USD,BTC/USD_2025-02-05T11:00:00Z
98080.073,98765.05,98080.073,7,98324.156,2025-02-05T12:00:00Z,0.032599399,98247.607549,BTC/USD,BTC/USD_2025-02-05T12:00:00Z
98660.7085,98672.4926,98017.915,3,98017.915,2025-02-05T13:00:00Z,0.000524118,98238.875194,BTC/USD,BTC/USD_2025-02-05T13:00:00Z
98368.9035,99155.5,98179.937,11,98697.017,2025-02-05T14:00:00Z,0.019676824,98690.378604,BTC/USD,BTC/USD_2025-02-05T14:00:00Z
98142.343,98574.695,97833.508,8,98443.175,2025-02-05T15:00:00Z,0.012885033,98302.427883,BTC/USD,BTC/USD_2025-02-05T15:00:00Z
98072.0415,98274.659258,97386.265,14,98092.21,2025-02-05T16:00:00Z,0.139005464,97997.336502,BTC/USD,BTC/USD_2025-02-05T16:00:00Z
97609.17,98266.944758,97408.14,5,98004.1115,2025-02-05T17:00:00Z,0.006160235,97629.253923,BTC/USD,BTC/USD_2025-02-05T17:00:00Z
96757.7815,97734.049,96556.025,15,97663.8555,2025-02-05T18:00:00Z,0.496246149,97312.833395,BTC/USD,BTC/USD_2025-02-05T18:00:00Z
97381.005,97509.05,96530.4,10,96709.85,2025-02-05T19:00:00Z,0.012304426,97213.369993,BTC/USD,BTC/USD_2025-02-05T19:00:00Z
97326.5915,97753.57,96917.65,72,97424.015,2025-02-05T20:00:00Z,0.167432389,97473.517253,BTC/USD,BTC/USD_2025-02-05T20:00:00Z
96934.215,97516.6865,96835.475,3,97375.105,2025-02-05T21:00:00Z,0.001532649,97343.303263,BTC/USD,BTC/USD_2025-02-05T21:00:00Z
96507.2415,97048.899,96304.376316377,4,96866.67,2025-02-05T22:00:00Z,0.015507969,96462.693921,BTC/USD,BTC/USD_2025-02-05T22:00:00Z
96651.484,96879.715,96252.8,4,96474.795,2025-02-05T23:00:00Z,0.131146109,96286.286601,BTC/USD,BTC/USD_2025-02-05T23:00:00Z
96869.279,96992.863,96493.68,1,96583.25,2025-02-06T00:00:00Z,0.005021173,96893.6,BTC/USD,BTC/USD_2025-02-06T00:00:00Z
97209.388,97235.3,96707.6605,2,96792.549,2025-02-06T01:00:00Z,0.027806494,97067.682533,BTC/USD,BTC/USD_2025-02-06T01:00:00Z
97355.7325,97473.452,97165.095,8,97165.095,2025-02-06T02:00:00Z,0.061541028,97389.158854,BTC/USD,BTC/USD_2025-02-06T02:00:00Z
97380.94,97494.666,97129.5505,2,97334.5525,2025-02-06T03:00:00Z,0.002999956,97305.310391,BTC/USD,BTC/USD_2025-02-06T03:00:00Z
97649.71,97852.035,97295.0265,3,97451.39,2025-02-06T04:00:00Z,0.020731119,97625.805791,BTC/USD,BTC/USD_2025-02-06T04:00:00Z
97857.76,97960.4,97575.764,9,97672.345,2025-02-06T05:00:00Z,0.021040665,97749.828815,BTC/USD,BTC/USD_2025-02-06T05:00:00Z
98427.5075,98489.36,97733.24,13,97884.149,2025-02-06T06:00:00Z,0.029293353,98223.344089,BTC/USD,BTC/USD_2025-02-06T06:00:00Z
98227.993,98353.94,98189.7645,3,98346.2505,2025-02-06T07:00:00Z,0.005662874,98349.243527,BTC/USD,BTC/USD_2025-02-06T07:00:00Z
98176.95,98312.341,98009.54,4,98279.41,2025-02-06T08:00:00Z,0.009257961,98246.514247,BTC/USD,BTC/USD_2025-02-06T08:00:00Z
98652.085,98694.422,98166.284,9,98222.2,2025-02-06T09:00:00Z,0.01332313,98606.664931,BTC/USD,BTC/USD_2025-02-06T09:00:00Z
99039.1945,99112.265,98658.189,8,98694.0,2025-02-06T10:00:00Z,0.0068412,98854.643052,BTC/USD,BTC/USD_2025-02-06T10:00:00Z
98968.7695,99199.9,98471.234,8,99078.43,2025-02-06T11:00:00Z,0.009043427,98915.68309,BTC/USD,BTC/USD_2025-02-06T11:00:00Z
98349.375,99110.47,98349.375,0,98984.93,2025-02-06T12:00:00Z,0.0,98984.93,BTC/USD,BTC/USD_2025-02-06T12:00:00Z
98679.755,98817.471,98202.507,8,98409.55,2025-02-06T13:00:00Z,0.017826945,98377.162382,BTC/USD,BTC/USD_2025-02-06T13:00:00Z
97861.6,98909.271,97861.6,7,98769.53,2025-02-06T14:00:00Z,0.130639547,98238.404421,BTC/USD,BTC/USD_2025-02-06T14:00:00Z
97340.845,98073.952,96982.805,7,97887.622,2025-02-06T15:00:00Z,0.026332348,97398.975734,BTC/USD,BTC/USD_2025-02-06T15:00:00Z
96599.945,97584.914,96444.9635,17,97311.35,2025-02-06T16:00:00Z,0.0286472,97057.842959,BTC/USD,BTC/USD_2025-02-06T16:00:00Z
96754.52,97223.835,96421.58,27,96529.07,2025-02-06T17:00:00Z,1.070165431,96484.337733,BTC/USD,BTC/USD_2025-02-06T17:00:00Z
96391.941,96855.663,96003.79,15,96744.7,2025-02-06T18:00:00Z,0.056843615,96442.12189,BTC/USD,BTC/USD_2025-02-06T18:00:00Z
96010.155,96920.5165,95755.13,23,96312.294,2025-02-06T19:00:00Z,0.162671098,96041.097062,BTC/USD,BTC/USD_2025-02-06T19:00:00Z
96941.191,97110.875,95817.7,65,95941.114,2025-02-06T20:00:00Z,0.113445786,96652.103379,BTC/USD,BTC/USD_2025-02-06T20:00:00Z
96786.4,96929.75,96171.505,4,96870.63,2025-02-06T21:00:00Z,0.004256268,96648.24752,BTC/USD,BTC/USD_2025-02-06T21:00:00Z
96939.6,96940.043,96220.039,7,96750.845,2025-02-06T22:00:00Z,0.007066139,96700.023704,BTC/USD,BTC/USD_2025-02-06T22:00:00Z
96565.618,96892.635,96204.665,6,96892.635,2025-02-06T23:00:00Z,0.013515323,96501.142134,BTC/USD,BTC/USD_2025-02-06T23:00:00Z
96531.93,96932.955,96427.265,1,96632.1965,2025-02-07T00:00:00Z,3.9513e-05,96433.2,BTC/USD,BTC/USD_2025-02-07T00:00:00Z
97451.75,97752.4366345767,96571.686,11,96571.686,2025-02-07T01:00:00Z,0.009489986,97240.698881,BTC/USD,BTC/USD_2025-02-07T01:00:00Z
97598.75,97649.94,97089.9485,4,97390.545,2025-02-07T02:00:00Z,0.006606034,97405.004258,BTC/USD,BTC/USD_2025-02-07T02:00:00Z
97487.2455,97706.3065,97311.432,4,97626.6885,2025-02-07T03:00:00Z,0.002316152,97399.329075,BTC/USD,BTC/USD_2025-02-07T03:00:00Z
97489.95,97904.0645,97449.8,5,97449.8,2025-02-07T04:00:00Z,0.017281413,97751.145349,BTC/USD,BTC/USD_2025-02-07T04:00:00Z
97369.8215,97527.7525,97179.853,4,97527.7525,2025-02-07T05:00:00Z,0.002048988,97411.798139,BTC/USD,BTC/USD_2025-02-07T05:00:00Z
96759.525,97368.483,96621.495,1,97328.3915,2025-02-07T06:00:00Z,0.000999336,97368.483,BTC/USD,BTC/USD_2025-02-07T06:00:00Z
96791.05,97215.85,96704.34,3,96794.8,2025-02-07T07:00:00Z,0.021036953,96848.759901,BTC/USD,BTC/USD_2025-02-07T07:00:00Z
97016.619,97270.465,96708.9095,6,96747.648,2025-02-07T08:00:00Z,0.022801004,97170.693989,BTC/USD,BTC/USD_2025-02-07T08:00:00Z
97341.2845,97426.15,97061.675,3,97061.675,2025-02-07T09:00:00Z,0.011942552,97413.093041,BTC/USD,BTC/USD_2025-02-07T09:00:00Z
97294.651,97452.64535,97286.48,3,97406.19,2025-02-07T10:00:00Z,0.001198926,97390.950578,BTC/USD,BTC/USD_2025-02-07T10:00:00Z
97757.144714,97758.974714,97342.85,3,97342.85,2025-02-07T11:00:00Z,0.002059137,97537.306549,BTC/USD,BTC/USD_2025-02-07T11:00:00Z
97956.195,98013.16,97563.925,3,97782.281214,2025-02-07T12:00:00Z,0.000618952,97805.89562,BTC/USD,BTC/USD_2025-02-07T12:00:00Z
98899.99,98899.99,97320.314542,19,98001.98,2025-02-07T13:00:00Z,0.064834569,98209.987,BTC/USD,BTC/USD_2025-02-07T13:00:00Z
99801.735,100207.495,98769.49,31,98961.3,2025-02-07T14:00:00Z,0.17415414,99848.759804,BTC/USD,BTC/USD_2025-02-07T14:00:00Z
98314.432,99773.582,97689.5,12,99773.582,2025-02-07T15:00:00Z,0.043182413,98387.482735,BTC/USD,BTC/USD_2025-02-07T15:00:00Z
97873.7685,98594.07,97712.415,7,98385.7275,2025-02-07T16:00:00Z,0.035049115,98120.06688,BTC/USD,BTC/USD_2025-02-07T16:00:00Z
97446.5855,98229.7,97221.5025,10,97843.74,2025-02-07T17:00:00Z,0.154910476,97904.893021,BTC/USD,BTC/USD_2025-02-07T17:00:00Z
97829.735,98397.06,97341.425,3,97399.85,2025-02-07T18:00:00Z,0.082105966,97739.780463,BTC/USD,BTC/USD_2025-02-07T18:00:00Z
96943.8755,97867.5165,96927.903,6,97867.5165,2025-02-07T19:00:00Z,0.011942596,97674.905126,BTC/USD,BTC/USD_2025-02-07T19:00:00Z
95759.975,96890.4995,95646.31,72,96890.4995,2025-02-07T20:00:00Z,0.256366452,96038.240037,BTC/USD,BTC/USD_2025-02-07T20:00:00Z
96034.925,96192.854,95684.1,9,95684.1,2025-02-07T21:00:00Z,0.012569531,96013.456916,BTC/USD,BTC/USD_2025-02-07T21:00:00Z
96100.8435,96125.7,95667.55,5,95975.3715,2025-02-07T22:00:00Z,0.010725198,95873.716152,BTC/USD,BTC/USD_2025-02-07T22:00:00Z
96562.5685,96644.1,95929.4715,2,96034.2815,2025-02-07T23:00:00Z,0.016732564,96456.856952,BTC/USD,BTC/USD_2025-02-07T23:00:00Z
96662.435,96830.2956000002,96407.405,6,96507.579,2025-02-08T00:00:00Z,0.002088013,96694.062485,BTC/USD,BTC/USD_2025-02-08T00:00:00Z
